{"nm":"Flow 1","ddd":0,"h":594,"w":756,"meta":{"g":"LottieFiles Figma v49"},"layers":[{"ty":4,"nm":"Vector","sr":1,"st":0,"op":109,"ip":0,"hd":false,"ddd":0,"bm":0,"hasMask":false,"ao":0,"ks":{"a":{"a":1,"k":[{"o":{"x":0,"y":0},"i":{"x":0.58,"y":1},"s":[21.6,7.2],"t":0},{"o":{"x":0,"y":0},"i":{"x":0.58,"y":1},"s":[21.6,7.2],"t":24},{"o":{"x":0,"y":0},"i":{"x":0.58,"y":1},"s":[21.6,7.2],"t":54},{"o":{"x":0,"y":0},"i":{"x":0.58,"y":1},"s":[21.6,7.2],"t":78},{"o":{"x":0,"y":0},"i":{"x":1,"y":1},"s":[21.6,7.2],"t":108},{"s":[21.6,7.2],"t":132}]},"s":{"a":1,"k":[{"o":{"x":0,"y":0},"i":{"x":0.58,"y":1},"s":[100,100],"t":0},{"o":{"x":0,"y":0},"i":{"x":0.58,"y":1},"s":[100,100],"t":24},{"o":{"x":0,"y":0},"i":{"x":0.58,"y":1},"s":[100,100],"t":54},{"o":{"x":0,"y":0},"i":{"x":0.58,"y":1},"s":[100,100],"t":78},{"o":{"x":0,"y":0},"i":{"x":1,"y":1},"s":[100,100],"t":108},{"s":[100,100],"t":132}]},"sk":{"a":0,"k":0},"p":{"a":1,"k":[{"o":{"x":0,"y":0},"i":{"x":0.58,"y":1},"s":[457.24,304.09],"t":0},{"o":{"x":0,"y":0},"i":{"x":0.58,"y":1},"s":[457.24,304.09],"t":24},{"o":{"x":0,"y":0},"i":{"x":0.58,"y":1},"s":[457.24,304.09],"t":54},{"o":{"x":0,"y":0},"i":{"x":0.58,"y":1},"s":[457.24,304.09],"t":78},{"o":{"x":0,"y":0},"i":{"x":1,"y":1},"s":[457.24,304.09],"t":108},{"s":[457.24,304.09],"t":132}]},"r":{"a":1,"k":[{"o":{"x":0,"y":0},"i":{"x":0.58,"y":1},"s":[0],"t":0},{"o":{"x":0,"y":0},"i":{"x":0.58,"y":1},"s":[0],"t":24},{"o":{"x":0,"y":0},"i":{"x":0.58,"y":1},"s":[0],"t":54},{"o":{"x":0,"y":0},"i":{"x":0.58,"y":1},"s":[0],"t":78},{"o":{"x":0,"y":0},"i":{"x":1,"y":1},"s":[0],"t":108},{"s":[0],"t":132}]},"sa":{"a":0,"k":0},"o":{"a":1,"k":[{"o":{"x":0,"y":0},"i":{"x":0.58,"y":1},"s":[100],"t":0},{"o":{"x":0,"y":0},"i":{"x":0.58,"y":1},"s":[100],"t":24},{"o":{"x":0,"y":0},"i":{"x":0.58,"y":1},"s":[100],"t":54},{"o":{"x":0,"y":0},"i":{"x":0.58,"y":1},"s":[100],"t":78},{"o":{"x":0,"y":0},"i":{"x":1,"y":1},"s":[100],"t":108},{"s":[100],"t":132}]}},"shapes":[{"ty":"sh","bm":0,"hd":false,"nm":"","d":1,"ks":{"a":1,"k":[{"o":{"x":0,"y":0},"i":{"x":0.58,"y":1},"s":[{"c":true,"i":[[0,0],[0,0],[1.35,-1.35],[0,-1.91],[-1.35,-1.35],[-1.91,0],[0,0],[-1.35,1.35],[0,1.91],[1.35,1.35],[1.91,0]],"o":[[0,0],[-1.91,0],[-1.35,1.35],[0,1.91],[1.35,1.35],[0,0],[1.91,0],[1.35,-1.35],[0,-1.91],[-1.35,-1.35],[0,0]],"v":[[36,0],[7.2,0],[2.11,2.11],[0,7.2],[2.11,12.29],[7.2,14.4],[36,14.4],[41.09,12.29],[43.2,7.2],[41.09,2.11],[36,0]]}],"t":0},{"o":{"x":0,"y":0},"i":{"x":0.58,"y":1},"s":[{"c":true,"i":[[0,0],[0,0],[1.35,-1.35],[0,-1.91],[-1.35,-1.35],[-1.91,0],[0,0],[-1.35,1.35],[0,1.91],[1.35,1.35],[1.91,0]],"o":[[0,0],[-1.91,0],[-1.35,1.35],[0,1.91],[1.35,1.35],[0,0],[1.91,0],[1.35,-1.35],[0,-1.91],[-1.35,-1.35],[0,0]],"v":[[36,0],[7.2,0],[2.11,2.11],[0,7.2],[2.11,12.29],[7.2,14.4],[36,14.4],[41.09,12.29],[43.2,7.2],[41.09,2.11],[36,0]]}],"t":24},{"o":{"x":0,"y":0},"i":{"x":0.58,"y":1},"s":[{"c":true,"i":[[0,0],[0,0],[1.35,-1.35],[0,-1.91],[-1.35,-1.35],[-1.91,0],[0,0],[-1.35,1.35],[0,1.91],[1.35,1.35],[1.91,0]],"o":[[0,0],[-1.91,0],[-1.35,1.35],[0,1.91],[1.35,1.35],[0,0],[1.91,0],[1.35,-1.35],[0,-1.91],[-1.35,-1.35],[0,0]],"v":[[36,0],[7.2,0],[2.11,2.11],[0,7.2],[2.11,12.29],[7.2,14.4],[36,14.4],[41.09,12.29],[43.2,7.2],[41.09,2.11],[36,0]]}],"t":54},{"o":{"x":0,"y":0},"i":{"x":0.58,"y":1},"s":[{"c":true,"i":[[0,0],[0,0],[1.35,-1.35],[0,-1.91],[-1.35,-1.35],[-1.91,0],[0,0],[-1.35,1.35],[0,1.91],[1.35,1.35],[1.91,0]],"o":[[0,0],[-1.91,0],[-1.35,1.35],[0,1.91],[1.35,1.35],[0,0],[1.91,0],[1.35,-1.35],[0,-1.91],[-1.35,-1.35],[0,0]],"v":[[36,0],[7.2,0],[2.11,2.11],[0,7.2],[2.11,12.29],[7.2,14.4],[36,14.4],[41.09,12.29],[43.2,7.2],[41.09,2.11],[36,0]]}],"t":78},{"o":{"x":0,"y":0},"i":{"x":1,"y":1},"s":[{"c":true,"i":[[0,0],[0,0],[1.35,-1.35],[0,-1.91],[-1.35,-1.35],[-1.91,0],[0,0],[-1.35,1.35],[0,1.91],[1.35,1.35],[1.91,0]],"o":[[0,0],[-1.91,0],[-1.35,1.35],[0,1.91],[1.35,1.35],[0,0],[1.91,0],[1.35,-1.35],[0,-1.91],[-1.35,-1.35],[0,0]],"v":[[36,0],[7.2,0],[2.11,2.11],[0,7.2],[2.11,12.29],[7.2,14.4],[36,14.4],[41.09,12.29],[43.2,7.2],[41.09,2.11],[36,0]]}],"t":108},{"s":[{"c":true,"i":[[0,0],[0,0],[1.35,-1.35],[0,-1.91],[-1.35,-1.35],[-1.91,0],[0,0],[-1.35,1.35],[0,1.91],[1.35,1.35],[1.91,0]],"o":[[0,0],[-1.91,0],[-1.35,1.35],[0,1.91],[1.35,1.35],[0,0],[1.91,0],[1.35,-1.35],[0,-1.91],[-1.35,-1.35],[0,0]],"v":[[36,0],[7.2,0],[2.11,2.11],[0,7.2],[2.11,12.29],[7.2,14.4],[36,14.4],[41.09,12.29],[43.2,7.2],[41.09,2.11],[36,0]]}],"t":132}]}},{"ty":"fl","bm":0,"hd":false,"nm":"","c":{"a":1,"k":[{"o":{"x":0,"y":0},"i":{"x":0.58,"y":1},"s":[0.3137,0.7569,0.3294,1],"t":0},{"o":{"x":0,"y":0},"i":{"x":0.58,"y":1},"s":[0.3137,0.7569,0.3294,1],"t":24},{"o":{"x":0,"y":0},"i":{"x":0.58,"y":1},"s":[0.3137,0.7569,0.3294,1],"t":54},{"o":{"x":0,"y":0},"i":{"x":0.58,"y":1},"s":[0.3137,0.7569,0.3294,1],"t":78},{"o":{"x":0,"y":0},"i":{"x":1,"y":1},"s":[0.3137,0.7569,0.3294,1],"t":108},{"s":[0.3137,0.7569,0.3294,1],"t":132}]},"r":1,"o":{"a":1,"k":[{"o":{"x":0,"y":0},"i":{"x":0.58,"y":1},"s":[100],"t":0},{"o":{"x":0,"y":0},"i":{"x":0.58,"y":1},"s":[100],"t":24},{"o":{"x":0,"y":0},"i":{"x":0.58,"y":1},"s":[100],"t":54},{"o":{"x":0,"y":0},"i":{"x":0.58,"y":1},"s":[100],"t":78},{"o":{"x":0,"y":0},"i":{"x":1,"y":1},"s":[100],"t":108},{"s":[100],"t":132}]}}],"ind":1},{"ty":4,"nm":"bank","sr":1,"st":0,"op":109,"ip":0,"hd":false,"ddd":0,"bm":0,"hasMask":false,"ao":0,"ks":{"a":{"a":1,"k":[{"o":{"x":0,"y":0},"i":{"x":0.58,"y":1},"s":[136.8,132.54],"t":0},{"o":{"x":0,"y":0},"i":{"x":0.58,"y":1},"s":[136.8,132.54],"t":24},{"o":{"x":0,"y":0},"i":{"x":0.58,"y":1},"s":[136.8,132.54],"t":54},{"o":{"x":0,"y":0},"i":{"x":0.58,"y":1},"s":[136.8,132.54],"t":78},{"o":{"x":0,"y":0},"i":{"x":1,"y":1},"s":[136.8,132.54],"t":108},{"s":[136.8,132.54],"t":132}]},"s":{"a":1,"k":[{"o":{"x":0,"y":0},"i":{"x":0.58,"y":1},"s":[100,100],"t":0},{"o":{"x":0,"y":0},"i":{"x":0.58,"y":1},"s":[100,100],"t":24},{"o":{"x":0,"y":0},"i":{"x":0.58,"y":1},"s":[100,100],"t":54},{"o":{"x":0,"y":0},"i":{"x":0.58,"y":1},"s":[100,100],"t":78},{"o":{"x":0,"y":0},"i":{"x":1,"y":1},"s":[100,100],"t":108},{"s":[100,100],"t":132}]},"sk":{"a":0,"k":0},"p":{"a":1,"k":[{"o":{"x":0,"y":0},"i":{"x":0.58,"y":1},"s":[457.16,380.39],"t":0},{"o":{"x":0,"y":0},"i":{"x":0.58,"y":1},"s":[457.16,380.39],"t":24},{"o":{"x":0,"y":0},"i":{"x":0.58,"y":1},"s":[457.16,380.39],"t":54},{"o":{"x":0,"y":0},"i":{"x":0.58,"y":1},"s":[457.16,380.39],"t":78},{"o":{"x":0,"y":0},"i":{"x":1,"y":1},"s":[457.16,380.39],"t":108},{"s":[457.16,380.39],"t":132}]},"r":{"a":1,"k":[{"o":{"x":0,"y":0},"i":{"x":0.58,"y":1},"s":[0],"t":0},{"o":{"x":0,"y":0},"i":{"x":0.58,"y":1},"s":[0],"t":24},{"o":{"x":0,"y":0},"i":{"x":0.58,"y":1},"s":[0],"t":54},{"o":{"x":0,"y":0},"i":{"x":0.58,"y":1},"s":[0],"t":78},{"o":{"x":0,"y":0},"i":{"x":1,"y":1},"s":[0],"t":108},{"s":[0],"t":132}]},"sa":{"a":0,"k":0},"o":{"a":1,"k":[{"o":{"x":0,"y":0},"i":{"x":0.58,"y":1},"s":[100],"t":0},{"o":{"x":0,"y":0},"i":{"x":0.58,"y":1},"s":[100],"t":24},{"o":{"x":0,"y":0},"i":{"x":0.58,"y":1},"s":[100],"t":54},{"o":{"x":0,"y":0},"i":{"x":0.58,"y":1},"s":[100],"t":78},{"o":{"x":0,"y":0},"i":{"x":1,"y":1},"s":[100],"t":108},{"s":[100],"t":132}]}},"shapes":[{"ty":"sh","bm":0,"hd":false,"nm":"","d":1,"ks":{"a":1,"k":[{"o":{"x":0,"y":0},"i":{"x":0.58,"y":1},"s":[{"c":true,"i":[[0,0],[-2.7,-2.7],[-3.82,0],[0,0],[1.26,-2.18],[0.01,-2.52],[0,0],[1.26,-2.18],[0.01,-2.52],[0,0],[-2.7,-2.7],[-3.82,0],[0,0],[-2.7,2.7],[0,3.82],[0,0],[1.26,2.18],[2.18,1.25],[0,0],[1.26,2.17],[2.18,1.25],[0,0],[-2.7,2.7],[0,3.82],[0,0],[1.64,2.4],[2.71,1.04],[21.55,8.12],[4.36,-1.54],[0,0],[0,0],[0.26,-0.09],[0,-5.97],[0,0]],"o":[[0,3.82],[2.7,2.7],[0,0],[-2.18,1.25],[-1.26,2.17],[0,0],[-2.18,1.25],[-1.26,2.18],[0,0],[0,3.82],[2.7,2.7],[0,0],[3.82,0],[2.7,-2.7],[0,0],[-0.01,-2.52],[-1.26,-2.18],[0,0],[-0.01,-2.52],[-1.26,-2.18],[0,0],[3.82,0],[2.7,-2.7],[0,0],[0.01,-2.91],[-1.64,-2.4],[-31.15,-12.11],[-4.32,-1.63],[0,0],[0,0],[-0.2,0.08],[-5.64,1.96],[0,0],[0,0]],"v":[[0,85.06],[4.22,95.24],[14.4,99.46],[14.4,180.68],[9.14,185.91],[7.2,193.07],[7.2,209.48],[1.94,214.71],[0,221.87],[0,250.67],[4.22,260.86],[14.4,265.07],[259.2,265.07],[269.38,260.86],[273.6,250.67],[273.6,221.87],[271.66,214.71],[266.4,209.48],[266.4,193.07],[264.46,185.91],[259.2,180.68],[259.2,99.46],[269.38,95.24],[273.6,85.06],[273.6,60.66],[271.1,52.52],[264.42,47.23],[143.46,1.25],[130.05,1.12],[106.88,9.29],[9.18,47.22],[8.49,47.48],[0,60.25],[0,85.06]]}],"t":0},{"o":{"x":0,"y":0},"i":{"x":0.58,"y":1},"s":[{"c":true,"i":[[0,0],[-2.7,-2.7],[-3.82,0],[0,0],[1.26,-2.18],[0.01,-2.52],[0,0],[1.26,-2.18],[0.01,-2.52],[0,0],[-2.7,-2.7],[-3.82,0],[0,0],[-2.7,2.7],[0,3.82],[0,0],[1.26,2.18],[2.18,1.25],[0,0],[1.26,2.17],[2.18,1.25],[0,0],[-2.7,2.7],[0,3.82],[0,0],[1.64,2.4],[2.71,1.04],[21.55,8.12],[4.36,-1.54],[0,0],[0,0],[0.26,-0.09],[0,-5.97],[0,0]],"o":[[0,3.82],[2.7,2.7],[0,0],[-2.18,1.25],[-1.26,2.17],[0,0],[-2.18,1.25],[-1.26,2.18],[0,0],[0,3.82],[2.7,2.7],[0,0],[3.82,0],[2.7,-2.7],[0,0],[-0.01,-2.52],[-1.26,-2.18],[0,0],[-0.01,-2.52],[-1.26,-2.18],[0,0],[3.82,0],[2.7,-2.7],[0,0],[0.01,-2.91],[-1.64,-2.4],[-31.15,-12.11],[-4.32,-1.63],[0,0],[0,0],[-0.2,0.08],[-5.64,1.96],[0,0],[0,0]],"v":[[0,85.06],[4.22,95.24],[14.4,99.46],[14.4,180.68],[9.14,185.91],[7.2,193.07],[7.2,209.48],[1.94,214.71],[0,221.87],[0,250.67],[4.22,260.86],[14.4,265.07],[259.2,265.07],[269.38,260.86],[273.6,250.67],[273.6,221.87],[271.66,214.71],[266.4,209.48],[266.4,193.07],[264.46,185.91],[259.2,180.68],[259.2,99.46],[269.38,95.24],[273.6,85.06],[273.6,60.66],[271.1,52.52],[264.42,47.23],[143.46,1.25],[130.05,1.12],[106.88,9.29],[9.18,47.22],[8.49,47.48],[0,60.25],[0,85.06]]}],"t":24},{"o":{"x":0,"y":0},"i":{"x":0.58,"y":1},"s":[{"c":true,"i":[[0,0],[-2.7,-2.7],[-3.82,0],[0,0],[1.26,-2.18],[0.01,-2.52],[0,0],[1.26,-2.18],[0.01,-2.52],[0,0],[-2.7,-2.7],[-3.82,0],[0,0],[-2.7,2.7],[0,3.82],[0,0],[1.26,2.18],[2.18,1.25],[0,0],[1.26,2.17],[2.18,1.25],[0,0],[-2.7,2.7],[0,3.82],[0,0],[1.64,2.4],[2.71,1.04],[21.55,8.12],[4.36,-1.54],[0,0],[0,0],[0.26,-0.09],[0,-5.97],[0,0]],"o":[[0,3.82],[2.7,2.7],[0,0],[-2.18,1.25],[-1.26,2.17],[0,0],[-2.18,1.25],[-1.26,2.18],[0,0],[0,3.82],[2.7,2.7],[0,0],[3.82,0],[2.7,-2.7],[0,0],[-0.01,-2.52],[-1.26,-2.18],[0,0],[-0.01,-2.52],[-1.26,-2.18],[0,0],[3.82,0],[2.7,-2.7],[0,0],[0.01,-2.91],[-1.64,-2.4],[-31.15,-12.11],[-4.32,-1.63],[0,0],[0,0],[-0.2,0.08],[-5.64,1.96],[0,0],[0,0]],"v":[[0,85.06],[4.22,95.24],[14.4,99.46],[14.4,180.68],[9.14,185.91],[7.2,193.07],[7.2,209.48],[1.94,214.71],[0,221.87],[0,250.67],[4.22,260.86],[14.4,265.07],[259.2,265.07],[269.38,260.86],[273.6,250.67],[273.6,221.87],[271.66,214.71],[266.4,209.48],[266.4,193.07],[264.46,185.91],[259.2,180.68],[259.2,99.46],[269.38,95.24],[273.6,85.06],[273.6,60.66],[271.1,52.52],[264.42,47.23],[143.46,1.25],[130.05,1.12],[106.88,9.29],[9.18,47.22],[8.49,47.48],[0,60.25],[0,85.06]]}],"t":54},{"o":{"x":0,"y":0},"i":{"x":0.58,"y":1},"s":[{"c":true,"i":[[0,0],[-2.7,-2.7],[-3.82,0],[0,0],[1.26,-2.18],[0.01,-2.52],[0,0],[1.26,-2.18],[0.01,-2.52],[0,0],[-2.7,-2.7],[-3.82,0],[0,0],[-2.7,2.7],[0,3.82],[0,0],[1.26,2.18],[2.18,1.25],[0,0],[1.26,2.17],[2.18,1.25],[0,0],[-2.7,2.7],[0,3.82],[0,0],[1.64,2.4],[2.71,1.04],[21.55,8.12],[4.36,-1.54],[0,0],[0,0],[0.26,-0.09],[0,-5.97],[0,0]],"o":[[0,3.82],[2.7,2.7],[0,0],[-2.18,1.25],[-1.26,2.17],[0,0],[-2.18,1.25],[-1.26,2.18],[0,0],[0,3.82],[2.7,2.7],[0,0],[3.82,0],[2.7,-2.7],[0,0],[-0.01,-2.52],[-1.26,-2.18],[0,0],[-0.01,-2.52],[-1.26,-2.18],[0,0],[3.82,0],[2.7,-2.7],[0,0],[0.01,-2.91],[-1.64,-2.4],[-31.15,-12.11],[-4.32,-1.63],[0,0],[0,0],[-0.2,0.08],[-5.64,1.96],[0,0],[0,0]],"v":[[0,85.06],[4.22,95.24],[14.4,99.46],[14.4,180.68],[9.14,185.91],[7.2,193.07],[7.2,209.48],[1.94,214.71],[0,221.87],[0,250.67],[4.22,260.86],[14.4,265.07],[259.2,265.07],[269.38,260.86],[273.6,250.67],[273.6,221.87],[271.66,214.71],[266.4,209.48],[266.4,193.07],[264.46,185.91],[259.2,180.68],[259.2,99.46],[269.38,95.24],[273.6,85.06],[273.6,60.66],[271.1,52.52],[264.42,47.23],[143.46,1.25],[130.05,1.12],[106.88,9.29],[9.18,47.22],[8.49,47.48],[0,60.25],[0,85.06]]}],"t":78},{"o":{"x":0,"y":0},"i":{"x":1,"y":1},"s":[{"c":true,"i":[[0,0],[-2.7,-2.7],[-3.82,0],[0,0],[1.26,-2.18],[0.01,-2.52],[0,0],[1.26,-2.18],[0.01,-2.52],[0,0],[-2.7,-2.7],[-3.82,0],[0,0],[-2.7,2.7],[0,3.82],[0,0],[1.26,2.18],[2.18,1.25],[0,0],[1.26,2.17],[2.18,1.25],[0,0],[-2.7,2.7],[0,3.82],[0,0],[1.64,2.4],[2.71,1.04],[21.55,8.12],[4.36,-1.54],[0,0],[0,0],[0.26,-0.09],[0,-5.97],[0,0]],"o":[[0,3.82],[2.7,2.7],[0,0],[-2.18,1.25],[-1.26,2.17],[0,0],[-2.18,1.25],[-1.26,2.18],[0,0],[0,3.82],[2.7,2.7],[0,0],[3.82,0],[2.7,-2.7],[0,0],[-0.01,-2.52],[-1.26,-2.18],[0,0],[-0.01,-2.52],[-1.26,-2.18],[0,0],[3.82,0],[2.7,-2.7],[0,0],[0.01,-2.91],[-1.64,-2.4],[-31.15,-12.11],[-4.32,-1.63],[0,0],[0,0],[-0.2,0.08],[-5.64,1.96],[0,0],[0,0]],"v":[[0,85.06],[4.22,95.24],[14.4,99.46],[14.4,180.68],[9.14,185.91],[7.2,193.07],[7.2,209.48],[1.94,214.71],[0,221.87],[0,250.67],[4.22,260.86],[14.4,265.07],[259.2,265.07],[269.38,260.86],[273.6,250.67],[273.6,221.87],[271.66,214.71],[266.4,209.48],[266.4,193.07],[264.46,185.91],[259.2,180.68],[259.2,99.46],[269.38,95.24],[273.6,85.06],[273.6,60.66],[271.1,52.52],[264.42,47.23],[143.46,1.25],[130.05,1.12],[106.88,9.29],[9.18,47.22],[8.49,47.48],[0,60.25],[0,85.06]]}],"t":108},{"s":[{"c":true,"i":[[0,0],[-2.7,-2.7],[-3.82,0],[0,0],[1.26,-2.18],[0.01,-2.52],[0,0],[1.26,-2.18],[0.01,-2.52],[0,0],[-2.7,-2.7],[-3.82,0],[0,0],[-2.7,2.7],[0,3.82],[0,0],[1.26,2.18],[2.18,1.25],[0,0],[1.26,2.17],[2.18,1.25],[0,0],[-2.7,2.7],[0,3.82],[0,0],[1.64,2.4],[2.71,1.04],[21.55,8.12],[4.36,-1.54],[0,0],[0,0],[0.26,-0.09],[0,-5.97],[0,0]],"o":[[0,3.82],[2.7,2.7],[0,0],[-2.18,1.25],[-1.26,2.17],[0,0],[-2.18,1.25],[-1.26,2.18],[0,0],[0,3.82],[2.7,2.7],[0,0],[3.82,0],[2.7,-2.7],[0,0],[-0.01,-2.52],[-1.26,-2.18],[0,0],[-0.01,-2.52],[-1.26,-2.18],[0,0],[3.82,0],[2.7,-2.7],[0,0],[0.01,-2.91],[-1.64,-2.4],[-31.15,-12.11],[-4.32,-1.63],[0,0],[0,0],[-0.2,0.08],[-5.64,1.96],[0,0],[0,0]],"v":[[0,85.06],[4.22,95.24],[14.4,99.46],[14.4,180.68],[9.14,185.91],[7.2,193.07],[7.2,209.48],[1.94,214.71],[0,221.87],[0,250.67],[4.22,260.86],[14.4,265.07],[259.2,265.07],[269.38,260.86],[273.6,250.67],[273.6,221.87],[271.66,214.71],[266.4,209.48],[266.4,193.07],[264.46,185.91],[259.2,180.68],[259.2,99.46],[269.38,95.24],[273.6,85.06],[273.6,60.66],[271.1,52.52],[264.42,47.23],[143.46,1.25],[130.05,1.12],[106.88,9.29],[9.18,47.22],[8.49,47.48],[0,60.25],[0,85.06]]}],"t":132}]}},{"ty":"sh","bm":0,"hd":false,"nm":"","d":1,"ks":{"a":1,"k":[{"o":{"x":0,"y":0},"i":{"x":0.58,"y":1},"s":[{"c":true,"i":[[0,0],[0,0],[0,0],[0,0],[0,0]],"o":[[0,0],[0,0],[0,0],[0,0],[0,0]],"v":[[43.2,178.66],[43.2,99.46],[28.8,99.46],[28.8,178.66],[43.2,178.66]]}],"t":0},{"o":{"x":0,"y":0},"i":{"x":0.58,"y":1},"s":[{"c":true,"i":[[0,0],[0,0],[0,0],[0,0],[0,0]],"o":[[0,0],[0,0],[0,0],[0,0],[0,0]],"v":[[43.2,178.66],[43.2,99.46],[28.8,99.46],[28.8,178.66],[43.2,178.66]]}],"t":24},{"o":{"x":0,"y":0},"i":{"x":0.58,"y":1},"s":[{"c":true,"i":[[0,0],[0,0],[0,0],[0,0],[0,0]],"o":[[0,0],[0,0],[0,0],[0,0],[0,0]],"v":[[43.2,178.66],[43.2,99.46],[28.8,99.46],[28.8,178.66],[43.2,178.66]]}],"t":54},{"o":{"x":0,"y":0},"i":{"x":0.58,"y":1},"s":[{"c":true,"i":[[0,0],[0,0],[0,0],[0,0],[0,0]],"o":[[0,0],[0,0],[0,0],[0,0],[0,0]],"v":[[43.2,178.66],[43.2,99.46],[28.8,99.46],[28.8,178.66],[43.2,178.66]]}],"t":78},{"o":{"x":0,"y":0},"i":{"x":1,"y":1},"s":[{"c":true,"i":[[0,0],[0,0],[0,0],[0,0],[0,0]],"o":[[0,0],[0,0],[0,0],[0,0],[0,0]],"v":[[43.2,178.66],[43.2,99.46],[28.8,99.46],[28.8,178.66],[43.2,178.66]]}],"t":108},{"s":[{"c":true,"i":[[0,0],[0,0],[0,0],[0,0],[0,0]],"o":[[0,0],[0,0],[0,0],[0,0],[0,0]],"v":[[43.2,178.66],[43.2,99.46],[28.8,99.46],[28.8,178.66],[43.2,178.66]]}],"t":132}]}},{"ty":"sh","bm":0,"hd":false,"nm":"","d":1,"ks":{"a":1,"k":[{"o":{"x":0,"y":0},"i":{"x":0.58,"y":1},"s":[{"c":true,"i":[[0,0],[0,0],[0,0],[0,0],[0,0]],"o":[[0,0],[0,0],[0,0],[0,0],[0,0]],"v":[[223.2,207.46],[252,207.46],[252,193.06],[223.2,193.06],[223.2,207.46]]}],"t":0},{"o":{"x":0,"y":0},"i":{"x":0.58,"y":1},"s":[{"c":true,"i":[[0,0],[0,0],[0,0],[0,0],[0,0]],"o":[[0,0],[0,0],[0,0],[0,0],[0,0]],"v":[[223.2,207.46],[252,207.46],[252,193.06],[223.2,193.06],[223.2,207.46]]}],"t":24},{"o":{"x":0,"y":0},"i":{"x":0.58,"y":1},"s":[{"c":true,"i":[[0,0],[0,0],[0,0],[0,0],[0,0]],"o":[[0,0],[0,0],[0,0],[0,0],[0,0]],"v":[[223.2,207.46],[252,207.46],[252,193.06],[223.2,193.06],[223.2,207.46]]}],"t":54},{"o":{"x":0,"y":0},"i":{"x":0.58,"y":1},"s":[{"c":true,"i":[[0,0],[0,0],[0,0],[0,0],[0,0]],"o":[[0,0],[0,0],[0,0],[0,0],[0,0]],"v":[[223.2,207.46],[252,207.46],[252,193.06],[223.2,193.06],[223.2,207.46]]}],"t":78},{"o":{"x":0,"y":0},"i":{"x":1,"y":1},"s":[{"c":true,"i":[[0,0],[0,0],[0,0],[0,0],[0,0]],"o":[[0,0],[0,0],[0,0],[0,0],[0,0]],"v":[[223.2,207.46],[252,207.46],[252,193.06],[223.2,193.06],[223.2,207.46]]}],"t":108},{"s":[{"c":true,"i":[[0,0],[0,0],[0,0],[0,0],[0,0]],"o":[[0,0],[0,0],[0,0],[0,0],[0,0]],"v":[[223.2,207.46],[252,207.46],[252,193.06],[223.2,193.06],[223.2,207.46]]}],"t":132}]}},{"ty":"sh","bm":0,"hd":false,"nm":"","d":1,"ks":{"a":1,"k":[{"o":{"x":0,"y":0},"i":{"x":0.58,"y":1},"s":[{"c":true,"i":[[0,0],[-2.18,1.25],[0,0],[0,0],[0,0],[-1.26,-2.18],[-0.01,-2.51],[0,0],[0,0],[0,0],[-1.26,2.17]],"o":[[1.26,-2.18],[0,0],[0,0],[0,0],[2.18,1.25],[1.26,2.17],[0,0],[0,0],[0,0],[0.01,-2.51],[0,0]],"v":[[210.74,185.89],[216,180.66],[216,99.46],[158.4,99.46],[158.4,180.66],[163.66,185.89],[165.6,193.05],[165.6,207.45],[208.8,207.45],[208.8,193.05],[210.74,185.89]]}],"t":0},{"o":{"x":0,"y":0},"i":{"x":0.58,"y":1},"s":[{"c":true,"i":[[0,0],[-2.18,1.25],[0,0],[0,0],[0,0],[-1.26,-2.18],[-0.01,-2.51],[0,0],[0,0],[0,0],[-1.26,2.17]],"o":[[1.26,-2.18],[0,0],[0,0],[0,0],[2.18,1.25],[1.26,2.17],[0,0],[0,0],[0,0],[0.01,-2.51],[0,0]],"v":[[210.74,185.89],[216,180.66],[216,99.46],[158.4,99.46],[158.4,180.66],[163.66,185.89],[165.6,193.05],[165.6,207.45],[208.8,207.45],[208.8,193.05],[210.74,185.89]]}],"t":24},{"o":{"x":0,"y":0},"i":{"x":0.58,"y":1},"s":[{"c":true,"i":[[0,0],[-2.18,1.25],[0,0],[0,0],[0,0],[-1.26,-2.18],[-0.01,-2.51],[0,0],[0,0],[0,0],[-1.26,2.17]],"o":[[1.26,-2.18],[0,0],[0,0],[0,0],[2.18,1.25],[1.26,2.17],[0,0],[0,0],[0,0],[0.01,-2.51],[0,0]],"v":[[210.74,185.89],[216,180.66],[216,99.46],[158.4,99.46],[158.4,180.66],[163.66,185.89],[165.6,193.05],[165.6,207.45],[208.8,207.45],[208.8,193.05],[210.74,185.89]]}],"t":54},{"o":{"x":0,"y":0},"i":{"x":0.58,"y":1},"s":[{"c":true,"i":[[0,0],[-2.18,1.25],[0,0],[0,0],[0,0],[-1.26,-2.18],[-0.01,-2.51],[0,0],[0,0],[0,0],[-1.26,2.17]],"o":[[1.26,-2.18],[0,0],[0,0],[0,0],[2.18,1.25],[1.26,2.17],[0,0],[0,0],[0,0],[0.01,-2.51],[0,0]],"v":[[210.74,185.89],[216,180.66],[216,99.46],[158.4,99.46],[158.4,180.66],[163.66,185.89],[165.6,193.05],[165.6,207.45],[208.8,207.45],[208.8,193.05],[210.74,185.89]]}],"t":78},{"o":{"x":0,"y":0},"i":{"x":1,"y":1},"s":[{"c":true,"i":[[0,0],[-2.18,1.25],[0,0],[0,0],[0,0],[-1.26,-2.18],[-0.01,-2.51],[0,0],[0,0],[0,0],[-1.26,2.17]],"o":[[1.26,-2.18],[0,0],[0,0],[0,0],[2.18,1.25],[1.26,2.17],[0,0],[0,0],[0,0],[0.01,-2.51],[0,0]],"v":[[210.74,185.89],[216,180.66],[216,99.46],[158.4,99.46],[158.4,180.66],[163.66,185.89],[165.6,193.05],[165.6,207.45],[208.8,207.45],[208.8,193.05],[210.74,185.89]]}],"t":108},{"s":[{"c":true,"i":[[0,0],[-2.18,1.25],[0,0],[0,0],[0,0],[-1.26,-2.18],[-0.01,-2.51],[0,0],[0,0],[0,0],[-1.26,2.17]],"o":[[1.26,-2.18],[0,0],[0,0],[0,0],[2.18,1.25],[1.26,2.17],[0,0],[0,0],[0,0],[0.01,-2.51],[0,0]],"v":[[210.74,185.89],[216,180.66],[216,99.46],[158.4,99.46],[158.4,180.66],[163.66,185.89],[165.6,193.05],[165.6,207.45],[208.8,207.45],[208.8,193.05],[210.74,185.89]]}],"t":132}]}},{"ty":"sh","bm":0,"hd":false,"nm":"","d":1,"ks":{"a":1,"k":[{"o":{"x":0,"y":0},"i":{"x":0.58,"y":1},"s":[{"c":true,"i":[[0,0],[0,0],[0,0],[0,0],[0,0]],"o":[[0,0],[0,0],[0,0],[0,0],[0,0]],"v":[[151.2,207.47],[151.2,193.07],[122.4,193.07],[122.4,207.47],[151.2,207.47]]}],"t":0},{"o":{"x":0,"y":0},"i":{"x":0.58,"y":1},"s":[{"c":true,"i":[[0,0],[0,0],[0,0],[0,0],[0,0]],"o":[[0,0],[0,0],[0,0],[0,0],[0,0]],"v":[[151.2,207.47],[151.2,193.07],[122.4,193.07],[122.4,207.47],[151.2,207.47]]}],"t":24},{"o":{"x":0,"y":0},"i":{"x":0.58,"y":1},"s":[{"c":true,"i":[[0,0],[0,0],[0,0],[0,0],[0,0]],"o":[[0,0],[0,0],[0,0],[0,0],[0,0]],"v":[[151.2,207.47],[151.2,193.07],[122.4,193.07],[122.4,207.47],[151.2,207.47]]}],"t":54},{"o":{"x":0,"y":0},"i":{"x":0.58,"y":1},"s":[{"c":true,"i":[[0,0],[0,0],[0,0],[0,0],[0,0]],"o":[[0,0],[0,0],[0,0],[0,0],[0,0]],"v":[[151.2,207.47],[151.2,193.07],[122.4,193.07],[122.4,207.47],[151.2,207.47]]}],"t":78},{"o":{"x":0,"y":0},"i":{"x":1,"y":1},"s":[{"c":true,"i":[[0,0],[0,0],[0,0],[0,0],[0,0]],"o":[[0,0],[0,0],[0,0],[0,0],[0,0]],"v":[[151.2,207.47],[151.2,193.07],[122.4,193.07],[122.4,207.47],[151.2,207.47]]}],"t":108},{"s":[{"c":true,"i":[[0,0],[0,0],[0,0],[0,0],[0,0]],"o":[[0,0],[0,0],[0,0],[0,0],[0,0]],"v":[[151.2,207.47],[151.2,193.07],[122.4,193.07],[122.4,207.47],[151.2,207.47]]}],"t":132}]}},{"ty":"sh","bm":0,"hd":false,"nm":"","d":1,"ks":{"a":1,"k":[{"o":{"x":0,"y":0},"i":{"x":0.58,"y":1},"s":[{"c":true,"i":[[0,0],[0,0],[0,0],[0,0],[0,0]],"o":[[0,0],[0,0],[0,0],[0,0],[0,0]],"v":[[129.6,99.47],[129.6,178.67],[144,178.67],[144,99.47],[129.6,99.47]]}],"t":0},{"o":{"x":0,"y":0},"i":{"x":0.58,"y":1},"s":[{"c":true,"i":[[0,0],[0,0],[0,0],[0,0],[0,0]],"o":[[0,0],[0,0],[0,0],[0,0],[0,0]],"v":[[129.6,99.47],[129.6,178.67],[144,178.67],[144,99.47],[129.6,99.47]]}],"t":24},{"o":{"x":0,"y":0},"i":{"x":0.58,"y":1},"s":[{"c":true,"i":[[0,0],[0,0],[0,0],[0,0],[0,0]],"o":[[0,0],[0,0],[0,0],[0,0],[0,0]],"v":[[129.6,99.47],[129.6,178.67],[144,178.67],[144,99.47],[129.6,99.47]]}],"t":54},{"o":{"x":0,"y":0},"i":{"x":0.58,"y":1},"s":[{"c":true,"i":[[0,0],[0,0],[0,0],[0,0],[0,0]],"o":[[0,0],[0,0],[0,0],[0,0],[0,0]],"v":[[129.6,99.47],[129.6,178.67],[144,178.67],[144,99.47],[129.6,99.47]]}],"t":78},{"o":{"x":0,"y":0},"i":{"x":1,"y":1},"s":[{"c":true,"i":[[0,0],[0,0],[0,0],[0,0],[0,0]],"o":[[0,0],[0,0],[0,0],[0,0],[0,0]],"v":[[129.6,99.47],[129.6,178.67],[144,178.67],[144,99.47],[129.6,99.47]]}],"t":108},{"s":[{"c":true,"i":[[0,0],[0,0],[0,0],[0,0],[0,0]],"o":[[0,0],[0,0],[0,0],[0,0],[0,0]],"v":[[129.6,99.47],[129.6,178.67],[144,178.67],[144,99.47],[129.6,99.47]]}],"t":132}]}},{"ty":"sh","bm":0,"hd":false,"nm":"","d":1,"ks":{"a":1,"k":[{"o":{"x":0,"y":0},"i":{"x":0.58,"y":1},"s":[{"c":true,"i":[[0,0],[-2.18,1.25],[0,0],[0,0],[0,0],[-1.26,-2.18],[-0.01,-2.52],[0,0],[0,0],[0,0],[-1.26,2.17]],"o":[[1.26,-2.18],[0,0],[0,0],[0,0],[2.18,1.25],[1.26,2.17],[0,0],[0,0],[0,0],[0.01,-2.52],[0,0]],"v":[[109.94,185.91],[115.2,180.68],[115.2,99.46],[57.6,99.46],[57.6,180.68],[62.86,185.91],[64.8,193.07],[64.8,207.47],[108,207.47],[108,193.07],[109.94,185.91]]}],"t":0},{"o":{"x":0,"y":0},"i":{"x":0.58,"y":1},"s":[{"c":true,"i":[[0,0],[-2.18,1.25],[0,0],[0,0],[0,0],[-1.26,-2.18],[-0.01,-2.52],[0,0],[0,0],[0,0],[-1.26,2.17]],"o":[[1.26,-2.18],[0,0],[0,0],[0,0],[2.18,1.25],[1.26,2.17],[0,0],[0,0],[0,0],[0.01,-2.52],[0,0]],"v":[[109.94,185.91],[115.2,180.68],[115.2,99.46],[57.6,99.46],[57.6,180.68],[62.86,185.91],[64.8,193.07],[64.8,207.47],[108,207.47],[108,193.07],[109.94,185.91]]}],"t":24},{"o":{"x":0,"y":0},"i":{"x":0.58,"y":1},"s":[{"c":true,"i":[[0,0],[-2.18,1.25],[0,0],[0,0],[0,0],[-1.26,-2.18],[-0.01,-2.52],[0,0],[0,0],[0,0],[-1.26,2.17]],"o":[[1.26,-2.18],[0,0],[0,0],[0,0],[2.18,1.25],[1.26,2.17],[0,0],[0,0],[0,0],[0.01,-2.52],[0,0]],"v":[[109.94,185.91],[115.2,180.68],[115.2,99.46],[57.6,99.46],[57.6,180.68],[62.86,185.91],[64.8,193.07],[64.8,207.47],[108,207.47],[108,193.07],[109.94,185.91]]}],"t":54},{"o":{"x":0,"y":0},"i":{"x":0.58,"y":1},"s":[{"c":true,"i":[[0,0],[-2.18,1.25],[0,0],[0,0],[0,0],[-1.26,-2.18],[-0.01,-2.52],[0,0],[0,0],[0,0],[-1.26,2.17]],"o":[[1.26,-2.18],[0,0],[0,0],[0,0],[2.18,1.25],[1.26,2.17],[0,0],[0,0],[0,0],[0.01,-2.52],[0,0]],"v":[[109.94,185.91],[115.2,180.68],[115.2,99.46],[57.6,99.46],[57.6,180.68],[62.86,185.91],[64.8,193.07],[64.8,207.47],[108,207.47],[108,193.07],[109.94,185.91]]}],"t":78},{"o":{"x":0,"y":0},"i":{"x":1,"y":1},"s":[{"c":true,"i":[[0,0],[-2.18,1.25],[0,0],[0,0],[0,0],[-1.26,-2.18],[-0.01,-2.52],[0,0],[0,0],[0,0],[-1.26,2.17]],"o":[[1.26,-2.18],[0,0],[0,0],[0,0],[2.18,1.25],[1.26,2.17],[0,0],[0,0],[0,0],[0.01,-2.52],[0,0]],"v":[[109.94,185.91],[115.2,180.68],[115.2,99.46],[57.6,99.46],[57.6,180.68],[62.86,185.91],[64.8,193.07],[64.8,207.47],[108,207.47],[108,193.07],[109.94,185.91]]}],"t":108},{"s":[{"c":true,"i":[[0,0],[-2.18,1.25],[0,0],[0,0],[0,0],[-1.26,-2.18],[-0.01,-2.52],[0,0],[0,0],[0,0],[-1.26,2.17]],"o":[[1.26,-2.18],[0,0],[0,0],[0,0],[2.18,1.25],[1.26,2.17],[0,0],[0,0],[0,0],[0.01,-2.52],[0,0]],"v":[[109.94,185.91],[115.2,180.68],[115.2,99.46],[57.6,99.46],[57.6,180.68],[62.86,185.91],[64.8,193.07],[64.8,207.47],[108,207.47],[108,193.07],[109.94,185.91]]}],"t":132}]}},{"ty":"sh","bm":0,"hd":false,"nm":"","d":1,"ks":{"a":1,"k":[{"o":{"x":0,"y":0},"i":{"x":0.58,"y":1},"s":[{"c":true,"i":[[0,0],[0,0],[0,0],[0,0],[0,0]],"o":[[0,0],[0,0],[0,0],[0,0],[0,0]],"v":[[50.4,193.07],[21.6,193.07],[21.6,207.47],[50.4,207.47],[50.4,193.07]]}],"t":0},{"o":{"x":0,"y":0},"i":{"x":0.58,"y":1},"s":[{"c":true,"i":[[0,0],[0,0],[0,0],[0,0],[0,0]],"o":[[0,0],[0,0],[0,0],[0,0],[0,0]],"v":[[50.4,193.07],[21.6,193.07],[21.6,207.47],[50.4,207.47],[50.4,193.07]]}],"t":24},{"o":{"x":0,"y":0},"i":{"x":0.58,"y":1},"s":[{"c":true,"i":[[0,0],[0,0],[0,0],[0,0],[0,0]],"o":[[0,0],[0,0],[0,0],[0,0],[0,0]],"v":[[50.4,193.07],[21.6,193.07],[21.6,207.47],[50.4,207.47],[50.4,193.07]]}],"t":54},{"o":{"x":0,"y":0},"i":{"x":0.58,"y":1},"s":[{"c":true,"i":[[0,0],[0,0],[0,0],[0,0],[0,0]],"o":[[0,0],[0,0],[0,0],[0,0],[0,0]],"v":[[50.4,193.07],[21.6,193.07],[21.6,207.47],[50.4,207.47],[50.4,193.07]]}],"t":78},{"o":{"x":0,"y":0},"i":{"x":1,"y":1},"s":[{"c":true,"i":[[0,0],[0,0],[0,0],[0,0],[0,0]],"o":[[0,0],[0,0],[0,0],[0,0],[0,0]],"v":[[50.4,193.07],[21.6,193.07],[21.6,207.47],[50.4,207.47],[50.4,193.07]]}],"t":108},{"s":[{"c":true,"i":[[0,0],[0,0],[0,0],[0,0],[0,0]],"o":[[0,0],[0,0],[0,0],[0,0],[0,0]],"v":[[50.4,193.07],[21.6,193.07],[21.6,207.47],[50.4,207.47],[50.4,193.07]]}],"t":132}]}},{"ty":"sh","bm":0,"hd":false,"nm":"","d":1,"ks":{"a":1,"k":[{"o":{"x":0,"y":0},"i":{"x":0.58,"y":1},"s":[{"c":true,"i":[[0,0],[0,0],[0,0],[0,0],[0,0]],"o":[[0,0],[0,0],[0,0],[0,0],[0,0]],"v":[[14.4,221.87],[14.4,250.67],[259.2,250.67],[259.2,221.87],[14.4,221.87]]}],"t":0},{"o":{"x":0,"y":0},"i":{"x":0.58,"y":1},"s":[{"c":true,"i":[[0,0],[0,0],[0,0],[0,0],[0,0]],"o":[[0,0],[0,0],[0,0],[0,0],[0,0]],"v":[[14.4,221.87],[14.4,250.67],[259.2,250.67],[259.2,221.87],[14.4,221.87]]}],"t":24},{"o":{"x":0,"y":0},"i":{"x":0.58,"y":1},"s":[{"c":true,"i":[[0,0],[0,0],[0,0],[0,0],[0,0]],"o":[[0,0],[0,0],[0,0],[0,0],[0,0]],"v":[[14.4,221.87],[14.4,250.67],[259.2,250.67],[259.2,221.87],[14.4,221.87]]}],"t":54},{"o":{"x":0,"y":0},"i":{"x":0.58,"y":1},"s":[{"c":true,"i":[[0,0],[0,0],[0,0],[0,0],[0,0]],"o":[[0,0],[0,0],[0,0],[0,0],[0,0]],"v":[[14.4,221.87],[14.4,250.67],[259.2,250.67],[259.2,221.87],[14.4,221.87]]}],"t":78},{"o":{"x":0,"y":0},"i":{"x":1,"y":1},"s":[{"c":true,"i":[[0,0],[0,0],[0,0],[0,0],[0,0]],"o":[[0,0],[0,0],[0,0],[0,0],[0,0]],"v":[[14.4,221.87],[14.4,250.67],[259.2,250.67],[259.2,221.87],[14.4,221.87]]}],"t":108},{"s":[{"c":true,"i":[[0,0],[0,0],[0,0],[0,0],[0,0]],"o":[[0,0],[0,0],[0,0],[0,0],[0,0]],"v":[[14.4,221.87],[14.4,250.67],[259.2,250.67],[259.2,221.87],[14.4,221.87]]}],"t":132}]}},{"ty":"sh","bm":0,"hd":false,"nm":"","d":1,"ks":{"a":1,"k":[{"o":{"x":0,"y":0},"i":{"x":0.58,"y":1},"s":[{"c":true,"i":[[0,0],[0,0],[0,0],[0,0],[0,0]],"o":[[0,0],[0,0],[0,0],[0,0],[0,0]],"v":[[230.4,178.67],[244.8,178.67],[244.8,99.47],[230.4,99.47],[230.4,178.67]]}],"t":0},{"o":{"x":0,"y":0},"i":{"x":0.58,"y":1},"s":[{"c":true,"i":[[0,0],[0,0],[0,0],[0,0],[0,0]],"o":[[0,0],[0,0],[0,0],[0,0],[0,0]],"v":[[230.4,178.67],[244.8,178.67],[244.8,99.47],[230.4,99.47],[230.4,178.67]]}],"t":24},{"o":{"x":0,"y":0},"i":{"x":0.58,"y":1},"s":[{"c":true,"i":[[0,0],[0,0],[0,0],[0,0],[0,0]],"o":[[0,0],[0,0],[0,0],[0,0],[0,0]],"v":[[230.4,178.67],[244.8,178.67],[244.8,99.47],[230.4,99.47],[230.4,178.67]]}],"t":54},{"o":{"x":0,"y":0},"i":{"x":0.58,"y":1},"s":[{"c":true,"i":[[0,0],[0,0],[0,0],[0,0],[0,0]],"o":[[0,0],[0,0],[0,0],[0,0],[0,0]],"v":[[230.4,178.67],[244.8,178.67],[244.8,99.47],[230.4,99.47],[230.4,178.67]]}],"t":78},{"o":{"x":0,"y":0},"i":{"x":1,"y":1},"s":[{"c":true,"i":[[0,0],[0,0],[0,0],[0,0],[0,0]],"o":[[0,0],[0,0],[0,0],[0,0],[0,0]],"v":[[230.4,178.67],[244.8,178.67],[244.8,99.47],[230.4,99.47],[230.4,178.67]]}],"t":108},{"s":[{"c":true,"i":[[0,0],[0,0],[0,0],[0,0],[0,0]],"o":[[0,0],[0,0],[0,0],[0,0],[0,0]],"v":[[230.4,178.67],[244.8,178.67],[244.8,99.47],[230.4,99.47],[230.4,178.67]]}],"t":132}]}},{"ty":"sh","bm":0,"hd":false,"nm":"","d":1,"ks":{"a":1,"k":[{"o":{"x":0,"y":0},"i":{"x":0.58,"y":1},"s":[{"c":true,"i":[[0,0],[0,-1.01],[0,0],[0,0],[0,0],[0,0],[4.58,-1.78],[0,0]],"o":[[-0.94,0.37],[0,0],[0,0],[0,0],[0,0],[-4.58,-1.78],[0,0],[0,0]],"v":[[15.96,60.06],[14.4,62.34],[14.4,85.07],[259.2,85.07],[259.2,60.66],[143.92,15.83],[129.68,15.83],[15.96,60.06]]}],"t":0},{"o":{"x":0,"y":0},"i":{"x":0.58,"y":1},"s":[{"c":true,"i":[[0,0],[0,-1.01],[0,0],[0,0],[0,0],[0,0],[4.58,-1.78],[0,0]],"o":[[-0.94,0.37],[0,0],[0,0],[0,0],[0,0],[-4.58,-1.78],[0,0],[0,0]],"v":[[15.96,60.06],[14.4,62.34],[14.4,85.07],[259.2,85.07],[259.2,60.66],[143.92,15.83],[129.68,15.83],[15.96,60.06]]}],"t":24},{"o":{"x":0,"y":0},"i":{"x":0.58,"y":1},"s":[{"c":true,"i":[[0,0],[0,-1.01],[0,0],[0,0],[0,0],[0,0],[4.58,-1.78],[0,0]],"o":[[-0.94,0.37],[0,0],[0,0],[0,0],[0,0],[-4.58,-1.78],[0,0],[0,0]],"v":[[15.96,60.06],[14.4,62.34],[14.4,85.07],[259.2,85.07],[259.2,60.66],[143.92,15.83],[129.68,15.83],[15.96,60.06]]}],"t":54},{"o":{"x":0,"y":0},"i":{"x":0.58,"y":1},"s":[{"c":true,"i":[[0,0],[0,-1.01],[0,0],[0,0],[0,0],[0,0],[4.58,-1.78],[0,0]],"o":[[-0.94,0.37],[0,0],[0,0],[0,0],[0,0],[-4.58,-1.78],[0,0],[0,0]],"v":[[15.96,60.06],[14.4,62.34],[14.4,85.07],[259.2,85.07],[259.2,60.66],[143.92,15.83],[129.68,15.83],[15.96,60.06]]}],"t":78},{"o":{"x":0,"y":0},"i":{"x":1,"y":1},"s":[{"c":true,"i":[[0,0],[0,-1.01],[0,0],[0,0],[0,0],[0,0],[4.58,-1.78],[0,0]],"o":[[-0.94,0.37],[0,0],[0,0],[0,0],[0,0],[-4.58,-1.78],[0,0],[0,0]],"v":[[15.96,60.06],[14.4,62.34],[14.4,85.07],[259.2,85.07],[259.2,60.66],[143.92,15.83],[129.68,15.83],[15.96,60.06]]}],"t":108},{"s":[{"c":true,"i":[[0,0],[0,-1.01],[0,0],[0,0],[0,0],[0,0],[4.58,-1.78],[0,0]],"o":[[-0.94,0.37],[0,0],[0,0],[0,0],[0,0],[-4.58,-1.78],[0,0],[0,0]],"v":[[15.96,60.06],[14.4,62.34],[14.4,85.07],[259.2,85.07],[259.2,60.66],[143.92,15.83],[129.68,15.83],[15.96,60.06]]}],"t":132}]}},{"ty":"fl","bm":0,"hd":false,"nm":"","c":{"a":1,"k":[{"o":{"x":0,"y":0},"i":{"x":0.58,"y":1},"s":[0.3137,0.7569,0.3294,1],"t":0},{"o":{"x":0,"y":0},"i":{"x":0.58,"y":1},"s":[0.3137,0.7569,0.3294,1],"t":24},{"o":{"x":0,"y":0},"i":{"x":0.58,"y":1},"s":[0.3137,0.7569,0.3294,1],"t":54},{"o":{"x":0,"y":0},"i":{"x":0.58,"y":1},"s":[0.3137,0.7569,0.3294,1],"t":78},{"o":{"x":0,"y":0},"i":{"x":1,"y":1},"s":[0.3137,0.7569,0.3294,1],"t":108},{"s":[0.3137,0.7569,0.3294,1],"t":132}]},"r":2,"o":{"a":1,"k":[{"o":{"x":0,"y":0},"i":{"x":0.58,"y":1},"s":[100],"t":0},{"o":{"x":0,"y":0},"i":{"x":0.58,"y":1},"s":[100],"t":24},{"o":{"x":0,"y":0},"i":{"x":0.58,"y":1},"s":[100],"t":54},{"o":{"x":0,"y":0},"i":{"x":0.58,"y":1},"s":[100],"t":78},{"o":{"x":0,"y":0},"i":{"x":1,"y":1},"s":[100],"t":108},{"s":[100],"t":132}]}}],"ind":2},{"ty":4,"nm":"pink bank","sr":1,"st":0,"op":109,"ip":0,"hd":false,"ddd":0,"bm":0,"hasMask":false,"ao":0,"ks":{"a":{"a":1,"k":[{"o":{"x":0,"y":0},"i":{"x":0.58,"y":1},"s":[136.8,132.54],"t":0},{"o":{"x":0,"y":0},"i":{"x":0.58,"y":1},"s":[136.8,132.54],"t":24},{"o":{"x":0,"y":0},"i":{"x":0.58,"y":1},"s":[136.8,132.54],"t":54},{"o":{"x":0,"y":0},"i":{"x":0.58,"y":1},"s":[136.8,132.54],"t":78},{"o":{"x":0,"y":0},"i":{"x":1,"y":1},"s":[136.8,132.54],"t":108},{"s":[136.8,132.54],"t":132}]},"s":{"a":1,"k":[{"o":{"x":0,"y":0},"i":{"x":0.58,"y":1},"s":[100,100],"t":0},{"o":{"x":0,"y":0},"i":{"x":0.58,"y":1},"s":[100,100],"t":24},{"o":{"x":0,"y":0},"i":{"x":0.58,"y":1},"s":[100,100],"t":54},{"o":{"x":0,"y":0},"i":{"x":0.58,"y":1},"s":[100,100],"t":78},{"o":{"x":0,"y":0},"i":{"x":1,"y":1},"s":[100,100],"t":108},{"s":[100,100],"t":132}]},"sk":{"a":0,"k":0},"p":{"a":1,"k":[{"o":{"x":0,"y":0},"i":{"x":0.58,"y":1},"s":[457.16,380.39],"t":0},{"o":{"x":0,"y":0},"i":{"x":0.58,"y":1},"s":[457.16,380.39],"t":24},{"o":{"x":0,"y":0},"i":{"x":0.58,"y":1},"s":[457.16,380.39],"t":54},{"o":{"x":0,"y":0},"i":{"x":0.58,"y":1},"s":[457.16,380.39],"t":78},{"o":{"x":0,"y":0},"i":{"x":1,"y":1},"s":[457.16,380.39],"t":108},{"s":[457.16,380.39],"t":132}]},"r":{"a":1,"k":[{"o":{"x":0,"y":0},"i":{"x":0.58,"y":1},"s":[0],"t":0},{"o":{"x":0,"y":0},"i":{"x":0.58,"y":1},"s":[0],"t":24},{"o":{"x":0,"y":0},"i":{"x":0.58,"y":1},"s":[0],"t":54},{"o":{"x":0,"y":0},"i":{"x":0.58,"y":1},"s":[0],"t":78},{"o":{"x":0,"y":0},"i":{"x":1,"y":1},"s":[0],"t":108},{"s":[0],"t":132}]},"sa":{"a":0,"k":0},"o":{"a":1,"k":[{"o":{"x":0,"y":0},"i":{"x":0.58,"y":1},"s":[100],"t":0},{"o":{"x":0,"y":0},"i":{"x":0.58,"y":1},"s":[100],"t":24},{"o":{"x":0,"y":0},"i":{"x":0.58,"y":1},"s":[100],"t":54},{"o":{"x":0,"y":0},"i":{"x":0.58,"y":1},"s":[100],"t":78},{"o":{"x":0,"y":0},"i":{"x":1,"y":1},"s":[100],"t":108},{"s":[100],"t":132}]}},"shapes":[{"ty":"sh","bm":0,"hd":false,"nm":"","d":1,"ks":{"a":1,"k":[{"o":{"x":0,"y":0},"i":{"x":0.58,"y":1},"s":[{"c":true,"i":[[0,0],[-2.7,-2.7],[-3.82,0],[0,0],[1.26,-2.18],[0.01,-2.52],[0,0],[1.26,-2.18],[0.01,-2.52],[0,0],[-2.7,-2.7],[-3.82,0],[0,0],[-2.7,2.7],[0,3.82],[0,0],[1.26,2.18],[2.18,1.25],[0,0],[1.26,2.17],[2.18,1.25],[0,0],[-2.7,2.7],[0,3.82],[0,0],[1.64,2.4],[2.71,1.04],[21.55,8.12],[4.36,-1.54],[0,0],[0,0],[0.26,-0.09],[0,-5.97],[0,0]],"o":[[0,3.82],[2.7,2.7],[0,0],[-2.18,1.25],[-1.26,2.17],[0,0],[-2.18,1.25],[-1.26,2.18],[0,0],[0,3.82],[2.7,2.7],[0,0],[3.82,0],[2.7,-2.7],[0,0],[-0.01,-2.52],[-1.26,-2.18],[0,0],[-0.01,-2.52],[-1.26,-2.18],[0,0],[3.82,0],[2.7,-2.7],[0,0],[0.01,-2.91],[-1.64,-2.4],[-31.15,-12.11],[-4.32,-1.63],[0,0],[0,0],[-0.2,0.08],[-5.64,1.96],[0,0],[0,0]],"v":[[0,85.06],[4.22,95.24],[14.4,99.46],[14.4,180.68],[9.14,185.91],[7.2,193.07],[7.2,209.48],[1.94,214.71],[0,221.87],[0,250.67],[4.22,260.86],[14.4,265.07],[259.2,265.07],[269.38,260.86],[273.6,250.67],[273.6,221.87],[271.66,214.71],[266.4,209.48],[266.4,193.07],[264.46,185.91],[259.2,180.68],[259.2,99.46],[269.38,95.24],[273.6,85.06],[273.6,60.66],[271.1,52.52],[264.42,47.23],[143.46,1.25],[130.05,1.12],[106.88,9.29],[9.18,47.22],[8.49,47.48],[0,60.25],[0,85.06]]}],"t":0},{"o":{"x":0,"y":0},"i":{"x":0.58,"y":1},"s":[{"c":true,"i":[[0,0],[-2.7,-2.7],[-3.82,0],[0,0],[1.26,-2.18],[0.01,-2.52],[0,0],[1.26,-2.18],[0.01,-2.52],[0,0],[-2.7,-2.7],[-3.82,0],[0,0],[-2.7,2.7],[0,3.82],[0,0],[1.26,2.18],[2.18,1.25],[0,0],[1.26,2.17],[2.18,1.25],[0,0],[-2.7,2.7],[0,3.82],[0,0],[1.64,2.4],[2.71,1.04],[21.55,8.12],[4.36,-1.54],[0,0],[0,0],[0.26,-0.09],[0,-5.97],[0,0]],"o":[[0,3.82],[2.7,2.7],[0,0],[-2.18,1.25],[-1.26,2.17],[0,0],[-2.18,1.25],[-1.26,2.18],[0,0],[0,3.82],[2.7,2.7],[0,0],[3.82,0],[2.7,-2.7],[0,0],[-0.01,-2.52],[-1.26,-2.18],[0,0],[-0.01,-2.52],[-1.26,-2.18],[0,0],[3.82,0],[2.7,-2.7],[0,0],[0.01,-2.91],[-1.64,-2.4],[-31.15,-12.11],[-4.32,-1.63],[0,0],[0,0],[-0.2,0.08],[-5.64,1.96],[0,0],[0,0]],"v":[[0,85.06],[4.22,95.24],[14.4,99.46],[14.4,180.68],[9.14,185.91],[7.2,193.07],[7.2,209.48],[1.94,214.71],[0,221.87],[0,250.67],[4.22,260.86],[14.4,265.07],[259.2,265.07],[269.38,260.86],[273.6,250.67],[273.6,221.87],[271.66,214.71],[266.4,209.48],[266.4,193.07],[264.46,185.91],[259.2,180.68],[259.2,99.46],[269.38,95.24],[273.6,85.06],[273.6,60.66],[271.1,52.52],[264.42,47.23],[143.46,1.25],[130.05,1.12],[106.88,9.29],[9.18,47.22],[8.49,47.48],[0,60.25],[0,85.06]]}],"t":24},{"o":{"x":0,"y":0},"i":{"x":0.58,"y":1},"s":[{"c":true,"i":[[0,0],[-2.7,-2.7],[-3.82,0],[0,0],[1.26,-2.18],[0.01,-2.52],[0,0],[1.26,-2.18],[0.01,-2.52],[0,0],[-2.7,-2.7],[-3.82,0],[0,0],[-2.7,2.7],[0,3.82],[0,0],[1.26,2.18],[2.18,1.25],[0,0],[1.26,2.17],[2.18,1.25],[0,0],[-2.7,2.7],[0,3.82],[0,0],[1.64,2.4],[2.71,1.04],[21.55,8.12],[4.36,-1.54],[0,0],[0,0],[0.26,-0.09],[0,-5.97],[0,0]],"o":[[0,3.82],[2.7,2.7],[0,0],[-2.18,1.25],[-1.26,2.17],[0,0],[-2.18,1.25],[-1.26,2.18],[0,0],[0,3.82],[2.7,2.7],[0,0],[3.82,0],[2.7,-2.7],[0,0],[-0.01,-2.52],[-1.26,-2.18],[0,0],[-0.01,-2.52],[-1.26,-2.18],[0,0],[3.82,0],[2.7,-2.7],[0,0],[0.01,-2.91],[-1.64,-2.4],[-31.15,-12.11],[-4.32,-1.63],[0,0],[0,0],[-0.2,0.08],[-5.64,1.96],[0,0],[0,0]],"v":[[0,85.06],[4.22,95.24],[14.4,99.46],[14.4,180.68],[9.14,185.91],[7.2,193.07],[7.2,209.48],[1.94,214.71],[0,221.87],[0,250.67],[4.22,260.86],[14.4,265.07],[259.2,265.07],[269.38,260.86],[273.6,250.67],[273.6,221.87],[271.66,214.71],[266.4,209.48],[266.4,193.07],[264.46,185.91],[259.2,180.68],[259.2,99.46],[269.38,95.24],[273.6,85.06],[273.6,60.66],[271.1,52.52],[264.42,47.23],[143.46,1.25],[130.05,1.12],[106.88,9.29],[9.18,47.22],[8.49,47.48],[0,60.25],[0,85.06]]}],"t":54},{"o":{"x":0,"y":0},"i":{"x":0.58,"y":1},"s":[{"c":true,"i":[[0,0],[-2.7,-2.7],[-3.82,0],[0,0],[1.26,-2.18],[0.01,-2.52],[0,0],[1.26,-2.18],[0.01,-2.52],[0,0],[-2.7,-2.7],[-3.82,0],[0,0],[-2.7,2.7],[0,3.82],[0,0],[1.26,2.18],[2.18,1.25],[0,0],[1.26,2.17],[2.18,1.25],[0,0],[-2.7,2.7],[0,3.82],[0,0],[1.64,2.4],[2.71,1.04],[21.55,8.12],[4.36,-1.54],[0,0],[0,0],[0.26,-0.09],[0,-5.97],[0,0]],"o":[[0,3.82],[2.7,2.7],[0,0],[-2.18,1.25],[-1.26,2.17],[0,0],[-2.18,1.25],[-1.26,2.18],[0,0],[0,3.82],[2.7,2.7],[0,0],[3.82,0],[2.7,-2.7],[0,0],[-0.01,-2.52],[-1.26,-2.18],[0,0],[-0.01,-2.52],[-1.26,-2.18],[0,0],[3.82,0],[2.7,-2.7],[0,0],[0.01,-2.91],[-1.64,-2.4],[-31.15,-12.11],[-4.32,-1.63],[0,0],[0,0],[-0.2,0.08],[-5.64,1.96],[0,0],[0,0]],"v":[[0,85.06],[4.22,95.24],[14.4,99.46],[14.4,180.68],[9.14,185.91],[7.2,193.07],[7.2,209.48],[1.94,214.71],[0,221.87],[0,250.67],[4.22,260.86],[14.4,265.07],[259.2,265.07],[269.38,260.86],[273.6,250.67],[273.6,221.87],[271.66,214.71],[266.4,209.48],[266.4,193.07],[264.46,185.91],[259.2,180.68],[259.2,99.46],[269.38,95.24],[273.6,85.06],[273.6,60.66],[271.1,52.52],[264.42,47.23],[143.46,1.25],[130.05,1.12],[106.88,9.29],[9.18,47.22],[8.49,47.48],[0,60.25],[0,85.06]]}],"t":78},{"o":{"x":0,"y":0},"i":{"x":1,"y":1},"s":[{"c":true,"i":[[0,0],[-2.7,-2.7],[-3.82,0],[0,0],[1.26,-2.18],[0.01,-2.52],[0,0],[1.26,-2.18],[0.01,-2.52],[0,0],[-2.7,-2.7],[-3.82,0],[0,0],[-2.7,2.7],[0,3.82],[0,0],[1.26,2.18],[2.18,1.25],[0,0],[1.26,2.17],[2.18,1.25],[0,0],[-2.7,2.7],[0,3.82],[0,0],[1.64,2.4],[2.71,1.04],[21.55,8.12],[4.36,-1.54],[0,0],[0,0],[0.26,-0.09],[0,-5.97],[0,0]],"o":[[0,3.82],[2.7,2.7],[0,0],[-2.18,1.25],[-1.26,2.17],[0,0],[-2.18,1.25],[-1.26,2.18],[0,0],[0,3.82],[2.7,2.7],[0,0],[3.82,0],[2.7,-2.7],[0,0],[-0.01,-2.52],[-1.26,-2.18],[0,0],[-0.01,-2.52],[-1.26,-2.18],[0,0],[3.82,0],[2.7,-2.7],[0,0],[0.01,-2.91],[-1.64,-2.4],[-31.15,-12.11],[-4.32,-1.63],[0,0],[0,0],[-0.2,0.08],[-5.64,1.96],[0,0],[0,0]],"v":[[0,85.06],[4.22,95.24],[14.4,99.46],[14.4,180.68],[9.14,185.91],[7.2,193.07],[7.2,209.48],[1.94,214.71],[0,221.87],[0,250.67],[4.22,260.86],[14.4,265.07],[259.2,265.07],[269.38,260.86],[273.6,250.67],[273.6,221.87],[271.66,214.71],[266.4,209.48],[266.4,193.07],[264.46,185.91],[259.2,180.68],[259.2,99.46],[269.38,95.24],[273.6,85.06],[273.6,60.66],[271.1,52.52],[264.42,47.23],[143.46,1.25],[130.05,1.12],[106.88,9.29],[9.18,47.22],[8.49,47.48],[0,60.25],[0,85.06]]}],"t":108},{"s":[{"c":true,"i":[[0,0],[-2.7,-2.7],[-3.82,0],[0,0],[1.26,-2.18],[0.01,-2.52],[0,0],[1.26,-2.18],[0.01,-2.52],[0,0],[-2.7,-2.7],[-3.82,0],[0,0],[-2.7,2.7],[0,3.82],[0,0],[1.26,2.18],[2.18,1.25],[0,0],[1.26,2.17],[2.18,1.25],[0,0],[-2.7,2.7],[0,3.82],[0,0],[1.64,2.4],[2.71,1.04],[21.55,8.12],[4.36,-1.54],[0,0],[0,0],[0.26,-0.09],[0,-5.97],[0,0]],"o":[[0,3.82],[2.7,2.7],[0,0],[-2.18,1.25],[-1.26,2.17],[0,0],[-2.18,1.25],[-1.26,2.18],[0,0],[0,3.82],[2.7,2.7],[0,0],[3.82,0],[2.7,-2.7],[0,0],[-0.01,-2.52],[-1.26,-2.18],[0,0],[-0.01,-2.52],[-1.26,-2.18],[0,0],[3.82,0],[2.7,-2.7],[0,0],[0.01,-2.91],[-1.64,-2.4],[-31.15,-12.11],[-4.32,-1.63],[0,0],[0,0],[-0.2,0.08],[-5.64,1.96],[0,0],[0,0]],"v":[[0,85.06],[4.22,95.24],[14.4,99.46],[14.4,180.68],[9.14,185.91],[7.2,193.07],[7.2,209.48],[1.94,214.71],[0,221.87],[0,250.67],[4.22,260.86],[14.4,265.07],[259.2,265.07],[269.38,260.86],[273.6,250.67],[273.6,221.87],[271.66,214.71],[266.4,209.48],[266.4,193.07],[264.46,185.91],[259.2,180.68],[259.2,99.46],[269.38,95.24],[273.6,85.06],[273.6,60.66],[271.1,52.52],[264.42,47.23],[143.46,1.25],[130.05,1.12],[106.88,9.29],[9.18,47.22],[8.49,47.48],[0,60.25],[0,85.06]]}],"t":132}]}},{"ty":"sh","bm":0,"hd":false,"nm":"","d":1,"ks":{"a":1,"k":[{"o":{"x":0,"y":0},"i":{"x":0.58,"y":1},"s":[{"c":true,"i":[[0,0],[0,0],[0,0],[0,0],[0,0]],"o":[[0,0],[0,0],[0,0],[0,0],[0,0]],"v":[[43.2,178.66],[43.2,99.46],[28.8,99.46],[28.8,178.66],[43.2,178.66]]}],"t":0},{"o":{"x":0,"y":0},"i":{"x":0.58,"y":1},"s":[{"c":true,"i":[[0,0],[0,0],[0,0],[0,0],[0,0]],"o":[[0,0],[0,0],[0,0],[0,0],[0,0]],"v":[[43.2,178.66],[43.2,99.46],[28.8,99.46],[28.8,178.66],[43.2,178.66]]}],"t":24},{"o":{"x":0,"y":0},"i":{"x":0.58,"y":1},"s":[{"c":true,"i":[[0,0],[0,0],[0,0],[0,0],[0,0]],"o":[[0,0],[0,0],[0,0],[0,0],[0,0]],"v":[[43.2,178.66],[43.2,99.46],[28.8,99.46],[28.8,178.66],[43.2,178.66]]}],"t":54},{"o":{"x":0,"y":0},"i":{"x":0.58,"y":1},"s":[{"c":true,"i":[[0,0],[0,0],[0,0],[0,0],[0,0]],"o":[[0,0],[0,0],[0,0],[0,0],[0,0]],"v":[[43.2,178.66],[43.2,99.46],[28.8,99.46],[28.8,178.66],[43.2,178.66]]}],"t":78},{"o":{"x":0,"y":0},"i":{"x":1,"y":1},"s":[{"c":true,"i":[[0,0],[0,0],[0,0],[0,0],[0,0]],"o":[[0,0],[0,0],[0,0],[0,0],[0,0]],"v":[[43.2,178.66],[43.2,99.46],[28.8,99.46],[28.8,178.66],[43.2,178.66]]}],"t":108},{"s":[{"c":true,"i":[[0,0],[0,0],[0,0],[0,0],[0,0]],"o":[[0,0],[0,0],[0,0],[0,0],[0,0]],"v":[[43.2,178.66],[43.2,99.46],[28.8,99.46],[28.8,178.66],[43.2,178.66]]}],"t":132}]}},{"ty":"sh","bm":0,"hd":false,"nm":"","d":1,"ks":{"a":1,"k":[{"o":{"x":0,"y":0},"i":{"x":0.58,"y":1},"s":[{"c":true,"i":[[0,0],[0,0],[0,0],[0,0],[0,0]],"o":[[0,0],[0,0],[0,0],[0,0],[0,0]],"v":[[223.2,207.46],[252,207.46],[252,193.06],[223.2,193.06],[223.2,207.46]]}],"t":0},{"o":{"x":0,"y":0},"i":{"x":0.58,"y":1},"s":[{"c":true,"i":[[0,0],[0,0],[0,0],[0,0],[0,0]],"o":[[0,0],[0,0],[0,0],[0,0],[0,0]],"v":[[223.2,207.46],[252,207.46],[252,193.06],[223.2,193.06],[223.2,207.46]]}],"t":24},{"o":{"x":0,"y":0},"i":{"x":0.58,"y":1},"s":[{"c":true,"i":[[0,0],[0,0],[0,0],[0,0],[0,0]],"o":[[0,0],[0,0],[0,0],[0,0],[0,0]],"v":[[223.2,207.46],[252,207.46],[252,193.06],[223.2,193.06],[223.2,207.46]]}],"t":54},{"o":{"x":0,"y":0},"i":{"x":0.58,"y":1},"s":[{"c":true,"i":[[0,0],[0,0],[0,0],[0,0],[0,0]],"o":[[0,0],[0,0],[0,0],[0,0],[0,0]],"v":[[223.2,207.46],[252,207.46],[252,193.06],[223.2,193.06],[223.2,207.46]]}],"t":78},{"o":{"x":0,"y":0},"i":{"x":1,"y":1},"s":[{"c":true,"i":[[0,0],[0,0],[0,0],[0,0],[0,0]],"o":[[0,0],[0,0],[0,0],[0,0],[0,0]],"v":[[223.2,207.46],[252,207.46],[252,193.06],[223.2,193.06],[223.2,207.46]]}],"t":108},{"s":[{"c":true,"i":[[0,0],[0,0],[0,0],[0,0],[0,0]],"o":[[0,0],[0,0],[0,0],[0,0],[0,0]],"v":[[223.2,207.46],[252,207.46],[252,193.06],[223.2,193.06],[223.2,207.46]]}],"t":132}]}},{"ty":"sh","bm":0,"hd":false,"nm":"","d":1,"ks":{"a":1,"k":[{"o":{"x":0,"y":0},"i":{"x":0.58,"y":1},"s":[{"c":true,"i":[[0,0],[-2.18,1.25],[0,0],[0,0],[0,0],[-1.26,-2.18],[-0.01,-2.51],[0,0],[0,0],[0,0],[-1.26,2.17]],"o":[[1.26,-2.18],[0,0],[0,0],[0,0],[2.18,1.25],[1.26,2.17],[0,0],[0,0],[0,0],[0.01,-2.51],[0,0]],"v":[[210.74,185.89],[216,180.66],[216,99.46],[158.4,99.46],[158.4,180.66],[163.66,185.89],[165.6,193.05],[165.6,207.45],[208.8,207.45],[208.8,193.05],[210.74,185.89]]}],"t":0},{"o":{"x":0,"y":0},"i":{"x":0.58,"y":1},"s":[{"c":true,"i":[[0,0],[-2.18,1.25],[0,0],[0,0],[0,0],[-1.26,-2.18],[-0.01,-2.51],[0,0],[0,0],[0,0],[-1.26,2.17]],"o":[[1.26,-2.18],[0,0],[0,0],[0,0],[2.18,1.25],[1.26,2.17],[0,0],[0,0],[0,0],[0.01,-2.51],[0,0]],"v":[[210.74,185.89],[216,180.66],[216,99.46],[158.4,99.46],[158.4,180.66],[163.66,185.89],[165.6,193.05],[165.6,207.45],[208.8,207.45],[208.8,193.05],[210.74,185.89]]}],"t":24},{"o":{"x":0,"y":0},"i":{"x":0.58,"y":1},"s":[{"c":true,"i":[[0,0],[-2.18,1.25],[0,0],[0,0],[0,0],[-1.26,-2.18],[-0.01,-2.51],[0,0],[0,0],[0,0],[-1.26,2.17]],"o":[[1.26,-2.18],[0,0],[0,0],[0,0],[2.18,1.25],[1.26,2.17],[0,0],[0,0],[0,0],[0.01,-2.51],[0,0]],"v":[[210.74,185.89],[216,180.66],[216,99.46],[158.4,99.46],[158.4,180.66],[163.66,185.89],[165.6,193.05],[165.6,207.45],[208.8,207.45],[208.8,193.05],[210.74,185.89]]}],"t":54},{"o":{"x":0,"y":0},"i":{"x":0.58,"y":1},"s":[{"c":true,"i":[[0,0],[-2.18,1.25],[0,0],[0,0],[0,0],[-1.26,-2.18],[-0.01,-2.51],[0,0],[0,0],[0,0],[-1.26,2.17]],"o":[[1.26,-2.18],[0,0],[0,0],[0,0],[2.18,1.25],[1.26,2.17],[0,0],[0,0],[0,0],[0.01,-2.51],[0,0]],"v":[[210.74,185.89],[216,180.66],[216,99.46],[158.4,99.46],[158.4,180.66],[163.66,185.89],[165.6,193.05],[165.6,207.45],[208.8,207.45],[208.8,193.05],[210.74,185.89]]}],"t":78},{"o":{"x":0,"y":0},"i":{"x":1,"y":1},"s":[{"c":true,"i":[[0,0],[-2.18,1.25],[0,0],[0,0],[0,0],[-1.26,-2.18],[-0.01,-2.51],[0,0],[0,0],[0,0],[-1.26,2.17]],"o":[[1.26,-2.18],[0,0],[0,0],[0,0],[2.18,1.25],[1.26,2.17],[0,0],[0,0],[0,0],[0.01,-2.51],[0,0]],"v":[[210.74,185.89],[216,180.66],[216,99.46],[158.4,99.46],[158.4,180.66],[163.66,185.89],[165.6,193.05],[165.6,207.45],[208.8,207.45],[208.8,193.05],[210.74,185.89]]}],"t":108},{"s":[{"c":true,"i":[[0,0],[-2.18,1.25],[0,0],[0,0],[0,0],[-1.26,-2.18],[-0.01,-2.51],[0,0],[0,0],[0,0],[-1.26,2.17]],"o":[[1.26,-2.18],[0,0],[0,0],[0,0],[2.18,1.25],[1.26,2.17],[0,0],[0,0],[0,0],[0.01,-2.51],[0,0]],"v":[[210.74,185.89],[216,180.66],[216,99.46],[158.4,99.46],[158.4,180.66],[163.66,185.89],[165.6,193.05],[165.6,207.45],[208.8,207.45],[208.8,193.05],[210.74,185.89]]}],"t":132}]}},{"ty":"sh","bm":0,"hd":false,"nm":"","d":1,"ks":{"a":1,"k":[{"o":{"x":0,"y":0},"i":{"x":0.58,"y":1},"s":[{"c":true,"i":[[0,0],[0,0],[0,0],[0,0],[0,0]],"o":[[0,0],[0,0],[0,0],[0,0],[0,0]],"v":[[151.2,207.47],[151.2,193.07],[122.4,193.07],[122.4,207.47],[151.2,207.47]]}],"t":0},{"o":{"x":0,"y":0},"i":{"x":0.58,"y":1},"s":[{"c":true,"i":[[0,0],[0,0],[0,0],[0,0],[0,0]],"o":[[0,0],[0,0],[0,0],[0,0],[0,0]],"v":[[151.2,207.47],[151.2,193.07],[122.4,193.07],[122.4,207.47],[151.2,207.47]]}],"t":24},{"o":{"x":0,"y":0},"i":{"x":0.58,"y":1},"s":[{"c":true,"i":[[0,0],[0,0],[0,0],[0,0],[0,0]],"o":[[0,0],[0,0],[0,0],[0,0],[0,0]],"v":[[151.2,207.47],[151.2,193.07],[122.4,193.07],[122.4,207.47],[151.2,207.47]]}],"t":54},{"o":{"x":0,"y":0},"i":{"x":0.58,"y":1},"s":[{"c":true,"i":[[0,0],[0,0],[0,0],[0,0],[0,0]],"o":[[0,0],[0,0],[0,0],[0,0],[0,0]],"v":[[151.2,207.47],[151.2,193.07],[122.4,193.07],[122.4,207.47],[151.2,207.47]]}],"t":78},{"o":{"x":0,"y":0},"i":{"x":1,"y":1},"s":[{"c":true,"i":[[0,0],[0,0],[0,0],[0,0],[0,0]],"o":[[0,0],[0,0],[0,0],[0,0],[0,0]],"v":[[151.2,207.47],[151.2,193.07],[122.4,193.07],[122.4,207.47],[151.2,207.47]]}],"t":108},{"s":[{"c":true,"i":[[0,0],[0,0],[0,0],[0,0],[0,0]],"o":[[0,0],[0,0],[0,0],[0,0],[0,0]],"v":[[151.2,207.47],[151.2,193.07],[122.4,193.07],[122.4,207.47],[151.2,207.47]]}],"t":132}]}},{"ty":"sh","bm":0,"hd":false,"nm":"","d":1,"ks":{"a":1,"k":[{"o":{"x":0,"y":0},"i":{"x":0.58,"y":1},"s":[{"c":true,"i":[[0,0],[0,0],[0,0],[0,0],[0,0]],"o":[[0,0],[0,0],[0,0],[0,0],[0,0]],"v":[[129.6,99.47],[129.6,178.67],[144,178.67],[144,99.47],[129.6,99.47]]}],"t":0},{"o":{"x":0,"y":0},"i":{"x":0.58,"y":1},"s":[{"c":true,"i":[[0,0],[0,0],[0,0],[0,0],[0,0]],"o":[[0,0],[0,0],[0,0],[0,0],[0,0]],"v":[[129.6,99.47],[129.6,178.67],[144,178.67],[144,99.47],[129.6,99.47]]}],"t":24},{"o":{"x":0,"y":0},"i":{"x":0.58,"y":1},"s":[{"c":true,"i":[[0,0],[0,0],[0,0],[0,0],[0,0]],"o":[[0,0],[0,0],[0,0],[0,0],[0,0]],"v":[[129.6,99.47],[129.6,178.67],[144,178.67],[144,99.47],[129.6,99.47]]}],"t":54},{"o":{"x":0,"y":0},"i":{"x":0.58,"y":1},"s":[{"c":true,"i":[[0,0],[0,0],[0,0],[0,0],[0,0]],"o":[[0,0],[0,0],[0,0],[0,0],[0,0]],"v":[[129.6,99.47],[129.6,178.67],[144,178.67],[144,99.47],[129.6,99.47]]}],"t":78},{"o":{"x":0,"y":0},"i":{"x":1,"y":1},"s":[{"c":true,"i":[[0,0],[0,0],[0,0],[0,0],[0,0]],"o":[[0,0],[0,0],[0,0],[0,0],[0,0]],"v":[[129.6,99.47],[129.6,178.67],[144,178.67],[144,99.47],[129.6,99.47]]}],"t":108},{"s":[{"c":true,"i":[[0,0],[0,0],[0,0],[0,0],[0,0]],"o":[[0,0],[0,0],[0,0],[0,0],[0,0]],"v":[[129.6,99.47],[129.6,178.67],[144,178.67],[144,99.47],[129.6,99.47]]}],"t":132}]}},{"ty":"sh","bm":0,"hd":false,"nm":"","d":1,"ks":{"a":1,"k":[{"o":{"x":0,"y":0},"i":{"x":0.58,"y":1},"s":[{"c":true,"i":[[0,0],[-2.18,1.25],[0,0],[0,0],[0,0],[-1.26,-2.18],[-0.01,-2.52],[0,0],[0,0],[0,0],[-1.26,2.17]],"o":[[1.26,-2.18],[0,0],[0,0],[0,0],[2.18,1.25],[1.26,2.17],[0,0],[0,0],[0,0],[0.01,-2.52],[0,0]],"v":[[109.94,185.91],[115.2,180.68],[115.2,99.46],[57.6,99.46],[57.6,180.68],[62.86,185.91],[64.8,193.07],[64.8,207.47],[108,207.47],[108,193.07],[109.94,185.91]]}],"t":0},{"o":{"x":0,"y":0},"i":{"x":0.58,"y":1},"s":[{"c":true,"i":[[0,0],[-2.18,1.25],[0,0],[0,0],[0,0],[-1.26,-2.18],[-0.01,-2.52],[0,0],[0,0],[0,0],[-1.26,2.17]],"o":[[1.26,-2.18],[0,0],[0,0],[0,0],[2.18,1.25],[1.26,2.17],[0,0],[0,0],[0,0],[0.01,-2.52],[0,0]],"v":[[109.94,185.91],[115.2,180.68],[115.2,99.46],[57.6,99.46],[57.6,180.68],[62.86,185.91],[64.8,193.07],[64.8,207.47],[108,207.47],[108,193.07],[109.94,185.91]]}],"t":24},{"o":{"x":0,"y":0},"i":{"x":0.58,"y":1},"s":[{"c":true,"i":[[0,0],[-2.18,1.25],[0,0],[0,0],[0,0],[-1.26,-2.18],[-0.01,-2.52],[0,0],[0,0],[0,0],[-1.26,2.17]],"o":[[1.26,-2.18],[0,0],[0,0],[0,0],[2.18,1.25],[1.26,2.17],[0,0],[0,0],[0,0],[0.01,-2.52],[0,0]],"v":[[109.94,185.91],[115.2,180.68],[115.2,99.46],[57.6,99.46],[57.6,180.68],[62.86,185.91],[64.8,193.07],[64.8,207.47],[108,207.47],[108,193.07],[109.94,185.91]]}],"t":54},{"o":{"x":0,"y":0},"i":{"x":0.58,"y":1},"s":[{"c":true,"i":[[0,0],[-2.18,1.25],[0,0],[0,0],[0,0],[-1.26,-2.18],[-0.01,-2.52],[0,0],[0,0],[0,0],[-1.26,2.17]],"o":[[1.26,-2.18],[0,0],[0,0],[0,0],[2.18,1.25],[1.26,2.17],[0,0],[0,0],[0,0],[0.01,-2.52],[0,0]],"v":[[109.94,185.91],[115.2,180.68],[115.2,99.46],[57.6,99.46],[57.6,180.68],[62.86,185.91],[64.8,193.07],[64.8,207.47],[108,207.47],[108,193.07],[109.94,185.91]]}],"t":78},{"o":{"x":0,"y":0},"i":{"x":1,"y":1},"s":[{"c":true,"i":[[0,0],[-2.18,1.25],[0,0],[0,0],[0,0],[-1.26,-2.18],[-0.01,-2.52],[0,0],[0,0],[0,0],[-1.26,2.17]],"o":[[1.26,-2.18],[0,0],[0,0],[0,0],[2.18,1.25],[1.26,2.17],[0,0],[0,0],[0,0],[0.01,-2.52],[0,0]],"v":[[109.94,185.91],[115.2,180.68],[115.2,99.46],[57.6,99.46],[57.6,180.68],[62.86,185.91],[64.8,193.07],[64.8,207.47],[108,207.47],[108,193.07],[109.94,185.91]]}],"t":108},{"s":[{"c":true,"i":[[0,0],[-2.18,1.25],[0,0],[0,0],[0,0],[-1.26,-2.18],[-0.01,-2.52],[0,0],[0,0],[0,0],[-1.26,2.17]],"o":[[1.26,-2.18],[0,0],[0,0],[0,0],[2.18,1.25],[1.26,2.17],[0,0],[0,0],[0,0],[0.01,-2.52],[0,0]],"v":[[109.94,185.91],[115.2,180.68],[115.2,99.46],[57.6,99.46],[57.6,180.68],[62.86,185.91],[64.8,193.07],[64.8,207.47],[108,207.47],[108,193.07],[109.94,185.91]]}],"t":132}]}},{"ty":"sh","bm":0,"hd":false,"nm":"","d":1,"ks":{"a":1,"k":[{"o":{"x":0,"y":0},"i":{"x":0.58,"y":1},"s":[{"c":true,"i":[[0,0],[0,0],[0,0],[0,0],[0,0]],"o":[[0,0],[0,0],[0,0],[0,0],[0,0]],"v":[[50.4,193.07],[21.6,193.07],[21.6,207.47],[50.4,207.47],[50.4,193.07]]}],"t":0},{"o":{"x":0,"y":0},"i":{"x":0.58,"y":1},"s":[{"c":true,"i":[[0,0],[0,0],[0,0],[0,0],[0,0]],"o":[[0,0],[0,0],[0,0],[0,0],[0,0]],"v":[[50.4,193.07],[21.6,193.07],[21.6,207.47],[50.4,207.47],[50.4,193.07]]}],"t":24},{"o":{"x":0,"y":0},"i":{"x":0.58,"y":1},"s":[{"c":true,"i":[[0,0],[0,0],[0,0],[0,0],[0,0]],"o":[[0,0],[0,0],[0,0],[0,0],[0,0]],"v":[[50.4,193.07],[21.6,193.07],[21.6,207.47],[50.4,207.47],[50.4,193.07]]}],"t":54},{"o":{"x":0,"y":0},"i":{"x":0.58,"y":1},"s":[{"c":true,"i":[[0,0],[0,0],[0,0],[0,0],[0,0]],"o":[[0,0],[0,0],[0,0],[0,0],[0,0]],"v":[[50.4,193.07],[21.6,193.07],[21.6,207.47],[50.4,207.47],[50.4,193.07]]}],"t":78},{"o":{"x":0,"y":0},"i":{"x":1,"y":1},"s":[{"c":true,"i":[[0,0],[0,0],[0,0],[0,0],[0,0]],"o":[[0,0],[0,0],[0,0],[0,0],[0,0]],"v":[[50.4,193.07],[21.6,193.07],[21.6,207.47],[50.4,207.47],[50.4,193.07]]}],"t":108},{"s":[{"c":true,"i":[[0,0],[0,0],[0,0],[0,0],[0,0]],"o":[[0,0],[0,0],[0,0],[0,0],[0,0]],"v":[[50.4,193.07],[21.6,193.07],[21.6,207.47],[50.4,207.47],[50.4,193.07]]}],"t":132}]}},{"ty":"sh","bm":0,"hd":false,"nm":"","d":1,"ks":{"a":1,"k":[{"o":{"x":0,"y":0},"i":{"x":0.58,"y":1},"s":[{"c":true,"i":[[0,0],[0,0],[0,0],[0,0],[0,0]],"o":[[0,0],[0,0],[0,0],[0,0],[0,0]],"v":[[14.4,221.87],[14.4,250.67],[259.2,250.67],[259.2,221.87],[14.4,221.87]]}],"t":0},{"o":{"x":0,"y":0},"i":{"x":0.58,"y":1},"s":[{"c":true,"i":[[0,0],[0,0],[0,0],[0,0],[0,0]],"o":[[0,0],[0,0],[0,0],[0,0],[0,0]],"v":[[14.4,221.87],[14.4,250.67],[259.2,250.67],[259.2,221.87],[14.4,221.87]]}],"t":24},{"o":{"x":0,"y":0},"i":{"x":0.58,"y":1},"s":[{"c":true,"i":[[0,0],[0,0],[0,0],[0,0],[0,0]],"o":[[0,0],[0,0],[0,0],[0,0],[0,0]],"v":[[14.4,221.87],[14.4,250.67],[259.2,250.67],[259.2,221.87],[14.4,221.87]]}],"t":54},{"o":{"x":0,"y":0},"i":{"x":0.58,"y":1},"s":[{"c":true,"i":[[0,0],[0,0],[0,0],[0,0],[0,0]],"o":[[0,0],[0,0],[0,0],[0,0],[0,0]],"v":[[14.4,221.87],[14.4,250.67],[259.2,250.67],[259.2,221.87],[14.4,221.87]]}],"t":78},{"o":{"x":0,"y":0},"i":{"x":1,"y":1},"s":[{"c":true,"i":[[0,0],[0,0],[0,0],[0,0],[0,0]],"o":[[0,0],[0,0],[0,0],[0,0],[0,0]],"v":[[14.4,221.87],[14.4,250.67],[259.2,250.67],[259.2,221.87],[14.4,221.87]]}],"t":108},{"s":[{"c":true,"i":[[0,0],[0,0],[0,0],[0,0],[0,0]],"o":[[0,0],[0,0],[0,0],[0,0],[0,0]],"v":[[14.4,221.87],[14.4,250.67],[259.2,250.67],[259.2,221.87],[14.4,221.87]]}],"t":132}]}},{"ty":"sh","bm":0,"hd":false,"nm":"","d":1,"ks":{"a":1,"k":[{"o":{"x":0,"y":0},"i":{"x":0.58,"y":1},"s":[{"c":true,"i":[[0,0],[0,0],[0,0],[0,0],[0,0]],"o":[[0,0],[0,0],[0,0],[0,0],[0,0]],"v":[[230.4,178.67],[244.8,178.67],[244.8,99.47],[230.4,99.47],[230.4,178.67]]}],"t":0},{"o":{"x":0,"y":0},"i":{"x":0.58,"y":1},"s":[{"c":true,"i":[[0,0],[0,0],[0,0],[0,0],[0,0]],"o":[[0,0],[0,0],[0,0],[0,0],[0,0]],"v":[[230.4,178.67],[244.8,178.67],[244.8,99.47],[230.4,99.47],[230.4,178.67]]}],"t":24},{"o":{"x":0,"y":0},"i":{"x":0.58,"y":1},"s":[{"c":true,"i":[[0,0],[0,0],[0,0],[0,0],[0,0]],"o":[[0,0],[0,0],[0,0],[0,0],[0,0]],"v":[[230.4,178.67],[244.8,178.67],[244.8,99.47],[230.4,99.47],[230.4,178.67]]}],"t":54},{"o":{"x":0,"y":0},"i":{"x":0.58,"y":1},"s":[{"c":true,"i":[[0,0],[0,0],[0,0],[0,0],[0,0]],"o":[[0,0],[0,0],[0,0],[0,0],[0,0]],"v":[[230.4,178.67],[244.8,178.67],[244.8,99.47],[230.4,99.47],[230.4,178.67]]}],"t":78},{"o":{"x":0,"y":0},"i":{"x":1,"y":1},"s":[{"c":true,"i":[[0,0],[0,0],[0,0],[0,0],[0,0]],"o":[[0,0],[0,0],[0,0],[0,0],[0,0]],"v":[[230.4,178.67],[244.8,178.67],[244.8,99.47],[230.4,99.47],[230.4,178.67]]}],"t":108},{"s":[{"c":true,"i":[[0,0],[0,0],[0,0],[0,0],[0,0]],"o":[[0,0],[0,0],[0,0],[0,0],[0,0]],"v":[[230.4,178.67],[244.8,178.67],[244.8,99.47],[230.4,99.47],[230.4,178.67]]}],"t":132}]}},{"ty":"fl","bm":0,"hd":false,"nm":"","c":{"a":1,"k":[{"o":{"x":0,"y":0},"i":{"x":0.58,"y":1},"s":[0.2392,0.2824,0.3255,1],"t":0},{"o":{"x":0,"y":0},"i":{"x":0.58,"y":1},"s":[0.2392,0.2824,0.3255,1],"t":24},{"o":{"x":0,"y":0},"i":{"x":0.58,"y":1},"s":[0.2392,0.2824,0.3255,1],"t":54},{"o":{"x":0,"y":0},"i":{"x":0.58,"y":1},"s":[0.2392,0.2824,0.3255,1],"t":78},{"o":{"x":0,"y":0},"i":{"x":1,"y":1},"s":[0.2392,0.2824,0.3255,1],"t":108},{"s":[0.2392,0.2824,0.3255,1],"t":132}]},"r":2,"o":{"a":1,"k":[{"o":{"x":0,"y":0},"i":{"x":0.58,"y":1},"s":[100],"t":0},{"o":{"x":0,"y":0},"i":{"x":0.58,"y":1},"s":[100],"t":24},{"o":{"x":0,"y":0},"i":{"x":0.58,"y":1},"s":[100],"t":54},{"o":{"x":0,"y":0},"i":{"x":0.58,"y":1},"s":[100],"t":78},{"o":{"x":0,"y":0},"i":{"x":1,"y":1},"s":[100],"t":108},{"s":[100],"t":132}]}}],"ind":3},{"ty":4,"nm":"money","sr":1,"st":0,"op":109,"ip":0,"hd":false,"ddd":0,"bm":0,"hasMask":false,"ao":0,"ks":{"a":{"a":1,"k":[{"o":{"x":0,"y":0},"i":{"x":0.58,"y":1},"s":[180,131.29],"t":0},{"o":{"x":0,"y":0},"i":{"x":0.58,"y":1},"s":[180,131.29],"t":24},{"o":{"x":0,"y":0},"i":{"x":0.58,"y":1},"s":[180,131.29],"t":54},{"o":{"x":0,"y":0},"i":{"x":0.58,"y":1},"s":[180,131.29],"t":78},{"o":{"x":0,"y":0},"i":{"x":1,"y":1},"s":[180,131.29],"t":108},{"s":[180,131.29],"t":132}]},"s":{"a":1,"k":[{"o":{"x":0,"y":0},"i":{"x":0.58,"y":1},"s":[100,100],"t":0},{"o":{"x":0,"y":0},"i":{"x":0.58,"y":1},"s":[100,100],"t":24},{"o":{"x":0,"y":0},"i":{"x":0.58,"y":1},"s":[100,100],"t":54},{"o":{"x":0,"y":0},"i":{"x":0.58,"y":1},"s":[100,100],"t":78},{"o":{"x":0,"y":0},"i":{"x":1,"y":1},"s":[100,100],"t":108},{"s":[100,100],"t":132}]},"sk":{"a":0,"k":0},"p":{"a":1,"k":[{"o":{"x":0,"y":0},"i":{"x":0.58,"y":1},"s":[234.01,185.25],"t":0},{"o":{"x":0,"y":0},"i":{"x":0.58,"y":1},"s":[234.01,185.25],"t":24},{"o":{"x":0,"y":0},"i":{"x":0.58,"y":1},"s":[342,212.29],"t":54},{"o":{"x":0,"y":0},"i":{"x":0.58,"y":1},"s":[342,212.29],"t":78},{"o":{"x":0,"y":0},"i":{"x":1,"y":1},"s":[234.01,185.25],"t":108},{"s":[234.01,185.25],"t":132}]},"r":{"a":1,"k":[{"o":{"x":0,"y":0},"i":{"x":0.58,"y":1},"s":[-27.62],"t":0},{"o":{"x":0,"y":0},"i":{"x":0.58,"y":1},"s":[-27.62],"t":24},{"o":{"x":0,"y":0},"i":{"x":0.58,"y":1},"s":[0],"t":54},{"o":{"x":0,"y":0},"i":{"x":0.58,"y":1},"s":[0],"t":78},{"o":{"x":0,"y":0},"i":{"x":1,"y":1},"s":[-27.62],"t":108},{"s":[-27.62],"t":132}]},"sa":{"a":0,"k":0},"o":{"a":1,"k":[{"o":{"x":0,"y":0},"i":{"x":0.58,"y":1},"s":[100],"t":0},{"o":{"x":0,"y":0},"i":{"x":0.58,"y":1},"s":[100],"t":24},{"o":{"x":0,"y":0},"i":{"x":0.58,"y":1},"s":[100],"t":54},{"o":{"x":0,"y":0},"i":{"x":0.58,"y":1},"s":[100],"t":78},{"o":{"x":0,"y":0},"i":{"x":1,"y":1},"s":[100],"t":108},{"s":[100],"t":132}]}},"shapes":[{"ty":"sh","bm":0,"hd":false,"nm":"","d":1,"ks":{"a":1,"k":[{"o":{"x":0,"y":0},"i":{"x":0.58,"y":1},"s":[{"c":true,"i":[[0,0],[0,3.81],[2.69,2.7],[0,0],[3.81,0],[2.7,-2.69],[0,0],[0,0],[5.7,0.94],[5.31,-2.28],[28.46,-2.03],[3.53,2.35],[4.24,-0.05],[0,0],[2.7,-2.7],[0,-3.82],[0,0],[-2.7,-2.7],[-3.82,0],[0,0],[-3.78,2.93],[-1.19,4.63],[-3.02,-1.87],[-0.6,-2.59],[-1.87,-1.89],[0,0],[-5.75,5.74],[0,0]],"o":[[2.69,-2.7],[0,-3.81],[0,0],[-2.7,-2.69],[-3.81,0],[0,0],[0,0],[-4.3,-3.86],[-5.7,-0.94],[-26.77,9.87],[-1.58,-3.93],[-3.53,-2.35],[0,0],[-3.82,0],[-2.7,2.7],[0,0],[0,3.82],[2.7,2.7],[0,0],[4.78,-0.01],[3.78,-2.93],[2.94,2.16],[-0.84,2.52],[0.6,2.59],[0,0],[5.75,5.73],[0,0],[0,0]],"v":[[355.8,106.06],[360,95.89],[355.8,85.72],[274.36,4.2],[264.2,0],[254.04,4.2],[218.33,39.91],[214.37,36.54],[199.06,29.19],[182.21,31.24],[98.96,49.18],[91.12,39.53],[79.2,36],[14.4,36],[4.22,40.22],[0,50.4],[0,158.4],[4.22,168.58],[14.4,172.8],[68.16,172.8],[81.36,168.26],[89.04,156.59],[97.86,162.65],[97.49,170.47],[101.27,177.33],[182.51,258.28],[203.31,258.27],[355.8,106.06]]}],"t":0},{"o":{"x":0,"y":0},"i":{"x":0.58,"y":1},"s":[{"c":true,"i":[[0,0],[0,3.81],[2.69,2.7],[0,0],[3.81,0],[2.7,-2.69],[0,0],[0,0],[5.7,0.94],[5.31,-2.28],[28.46,-2.03],[3.53,2.35],[4.24,-0.05],[0,0],[2.7,-2.7],[0,-3.82],[0,0],[-2.7,-2.7],[-3.82,0],[0,0],[-3.78,2.93],[-1.19,4.63],[-3.02,-1.87],[-0.6,-2.59],[-1.87,-1.89],[0,0],[-5.75,5.74],[0,0]],"o":[[2.69,-2.7],[0,-3.81],[0,0],[-2.7,-2.69],[-3.81,0],[0,0],[0,0],[-4.3,-3.86],[-5.7,-0.94],[-26.77,9.87],[-1.58,-3.93],[-3.53,-2.35],[0,0],[-3.82,0],[-2.7,2.7],[0,0],[0,3.82],[2.7,2.7],[0,0],[4.78,-0.01],[3.78,-2.93],[2.94,2.16],[-0.84,2.52],[0.6,2.59],[0,0],[5.75,5.73],[0,0],[0,0]],"v":[[355.8,106.06],[360,95.89],[355.8,85.72],[274.36,4.2],[264.2,0],[254.04,4.2],[218.33,39.91],[214.37,36.54],[199.06,29.19],[182.21,31.24],[98.96,49.18],[91.12,39.53],[79.2,36],[14.4,36],[4.22,40.22],[0,50.4],[0,158.4],[4.22,168.58],[14.4,172.8],[68.16,172.8],[81.36,168.26],[89.04,156.59],[97.86,162.65],[97.49,170.47],[101.27,177.33],[182.51,258.28],[203.31,258.27],[355.8,106.06]]}],"t":24},{"o":{"x":0,"y":0},"i":{"x":0.58,"y":1},"s":[{"c":true,"i":[[0,0],[0,3.81],[2.69,2.7],[0,0],[3.81,0],[2.7,-2.69],[0,0],[0,0],[5.7,0.94],[5.31,-2.28],[28.46,-2.03],[3.53,2.35],[4.24,-0.05],[0,0],[2.7,-2.7],[0,-3.82],[0,0],[-2.7,-2.7],[-3.82,0],[0,0],[-3.78,2.93],[-1.19,4.63],[-3.02,-1.87],[-0.6,-2.59],[-1.87,-1.89],[0,0],[-5.75,5.74],[0,0]],"o":[[2.69,-2.7],[0,-3.81],[0,0],[-2.7,-2.69],[-3.81,0],[0,0],[0,0],[-4.3,-3.86],[-5.7,-0.94],[-26.77,9.87],[-1.58,-3.93],[-3.53,-2.35],[0,0],[-3.82,0],[-2.7,2.7],[0,0],[0,3.82],[2.7,2.7],[0,0],[4.78,-0.01],[3.78,-2.93],[2.94,2.16],[-0.84,2.52],[0.6,2.59],[0,0],[5.75,5.73],[0,0],[0,0]],"v":[[355.8,106.06],[360,95.89],[355.8,85.72],[274.36,4.2],[264.2,0],[254.04,4.2],[218.33,39.91],[214.37,36.54],[199.06,29.19],[182.21,31.24],[98.96,49.18],[91.12,39.53],[79.2,36],[14.4,36],[4.22,40.22],[0,50.4],[0,158.4],[4.22,168.58],[14.4,172.8],[68.16,172.8],[81.36,168.26],[89.04,156.59],[97.86,162.65],[97.49,170.47],[101.27,177.33],[182.51,258.28],[203.31,258.27],[355.8,106.06]]}],"t":54},{"o":{"x":0,"y":0},"i":{"x":0.58,"y":1},"s":[{"c":true,"i":[[0,0],[0,3.81],[2.69,2.7],[0,0],[3.81,0],[2.7,-2.69],[0,0],[0,0],[5.7,0.94],[5.31,-2.28],[28.46,-2.03],[3.53,2.35],[4.24,-0.05],[0,0],[2.7,-2.7],[0,-3.82],[0,0],[-2.7,-2.7],[-3.82,0],[0,0],[-3.78,2.93],[-1.19,4.63],[-3.02,-1.87],[-0.6,-2.59],[-1.87,-1.89],[0,0],[-5.75,5.74],[0,0]],"o":[[2.69,-2.7],[0,-3.81],[0,0],[-2.7,-2.69],[-3.81,0],[0,0],[0,0],[-4.3,-3.86],[-5.7,-0.94],[-26.77,9.87],[-1.58,-3.93],[-3.53,-2.35],[0,0],[-3.82,0],[-2.7,2.7],[0,0],[0,3.82],[2.7,2.7],[0,0],[4.78,-0.01],[3.78,-2.93],[2.94,2.16],[-0.84,2.52],[0.6,2.59],[0,0],[5.75,5.73],[0,0],[0,0]],"v":[[355.8,106.06],[360,95.89],[355.8,85.72],[274.36,4.2],[264.2,0],[254.04,4.2],[218.33,39.91],[214.37,36.54],[199.06,29.19],[182.21,31.24],[98.96,49.18],[91.12,39.53],[79.2,36],[14.4,36],[4.22,40.22],[0,50.4],[0,158.4],[4.22,168.58],[14.4,172.8],[68.16,172.8],[81.36,168.26],[89.04,156.59],[97.86,162.65],[97.49,170.47],[101.27,177.33],[182.51,258.28],[203.31,258.27],[355.8,106.06]]}],"t":78},{"o":{"x":0,"y":0},"i":{"x":1,"y":1},"s":[{"c":true,"i":[[0,0],[0,3.81],[2.69,2.7],[0,0],[3.81,0],[2.7,-2.69],[0,0],[0,0],[5.7,0.94],[5.31,-2.28],[28.46,-2.03],[3.53,2.35],[4.24,-0.05],[0,0],[2.7,-2.7],[0,-3.82],[0,0],[-2.7,-2.7],[-3.82,0],[0,0],[-3.78,2.93],[-1.19,4.63],[-3.02,-1.87],[-0.6,-2.59],[-1.87,-1.89],[0,0],[-5.75,5.74],[0,0]],"o":[[2.69,-2.7],[0,-3.81],[0,0],[-2.7,-2.69],[-3.81,0],[0,0],[0,0],[-4.3,-3.86],[-5.7,-0.94],[-26.77,9.87],[-1.58,-3.93],[-3.53,-2.35],[0,0],[-3.82,0],[-2.7,2.7],[0,0],[0,3.82],[2.7,2.7],[0,0],[4.78,-0.01],[3.78,-2.93],[2.94,2.16],[-0.84,2.52],[0.6,2.59],[0,0],[5.75,5.73],[0,0],[0,0]],"v":[[355.8,106.06],[360,95.89],[355.8,85.72],[274.36,4.2],[264.2,0],[254.04,4.2],[218.33,39.91],[214.37,36.54],[199.06,29.19],[182.21,31.24],[98.96,49.18],[91.12,39.53],[79.2,36],[14.4,36],[4.22,40.22],[0,50.4],[0,158.4],[4.22,168.58],[14.4,172.8],[68.16,172.8],[81.36,168.26],[89.04,156.59],[97.86,162.65],[97.49,170.47],[101.27,177.33],[182.51,258.28],[203.31,258.27],[355.8,106.06]]}],"t":108},{"s":[{"c":true,"i":[[0,0],[0,3.81],[2.69,2.7],[0,0],[3.81,0],[2.7,-2.69],[0,0],[0,0],[5.7,0.94],[5.31,-2.28],[28.46,-2.03],[3.53,2.35],[4.24,-0.05],[0,0],[2.7,-2.7],[0,-3.82],[0,0],[-2.7,-2.7],[-3.82,0],[0,0],[-3.78,2.93],[-1.19,4.63],[-3.02,-1.87],[-0.6,-2.59],[-1.87,-1.89],[0,0],[-5.75,5.74],[0,0]],"o":[[2.69,-2.7],[0,-3.81],[0,0],[-2.7,-2.69],[-3.81,0],[0,0],[0,0],[-4.3,-3.86],[-5.7,-0.94],[-26.77,9.87],[-1.58,-3.93],[-3.53,-2.35],[0,0],[-3.82,0],[-2.7,2.7],[0,0],[0,3.82],[2.7,2.7],[0,0],[4.78,-0.01],[3.78,-2.93],[2.94,2.16],[-0.84,2.52],[0.6,2.59],[0,0],[5.75,5.73],[0,0],[0,0]],"v":[[355.8,106.06],[360,95.89],[355.8,85.72],[274.36,4.2],[264.2,0],[254.04,4.2],[218.33,39.91],[214.37,36.54],[199.06,29.19],[182.21,31.24],[98.96,49.18],[91.12,39.53],[79.2,36],[14.4,36],[4.22,40.22],[0,50.4],[0,158.4],[4.22,168.58],[14.4,172.8],[68.16,172.8],[81.36,168.26],[89.04,156.59],[97.86,162.65],[97.49,170.47],[101.27,177.33],[182.51,258.28],[203.31,258.27],[355.8,106.06]]}],"t":132}]}},{"ty":"sh","bm":0,"hd":false,"nm":"","d":1,"ks":{"a":1,"k":[{"o":{"x":0,"y":0},"i":{"x":0.58,"y":1},"s":[{"c":true,"i":[[0,0],[0,0],[0,0],[-5.72,0],[-4.06,4.04]],"o":[[0,0],[0,0],[4.06,4.04],[5.72,0],[0,0]],"v":[[279.47,29.67],[264.19,14.39],[248.93,29.67],[264.2,35.98],[279.47,29.67]]}],"t":0},{"o":{"x":0,"y":0},"i":{"x":0.58,"y":1},"s":[{"c":true,"i":[[0,0],[0,0],[0,0],[-5.72,0],[-4.06,4.04]],"o":[[0,0],[0,0],[4.06,4.04],[5.72,0],[0,0]],"v":[[279.47,29.67],[264.19,14.39],[248.93,29.67],[264.2,35.98],[279.47,29.67]]}],"t":24},{"o":{"x":0,"y":0},"i":{"x":0.58,"y":1},"s":[{"c":true,"i":[[0,0],[0,0],[0,0],[-5.72,0],[-4.06,4.04]],"o":[[0,0],[0,0],[4.06,4.04],[5.72,0],[0,0]],"v":[[279.47,29.67],[264.19,14.39],[248.93,29.67],[264.2,35.98],[279.47,29.67]]}],"t":54},{"o":{"x":0,"y":0},"i":{"x":0.58,"y":1},"s":[{"c":true,"i":[[0,0],[0,0],[0,0],[-5.72,0],[-4.06,4.04]],"o":[[0,0],[0,0],[4.06,4.04],[5.72,0],[0,0]],"v":[[279.47,29.67],[264.19,14.39],[248.93,29.67],[264.2,35.98],[279.47,29.67]]}],"t":78},{"o":{"x":0,"y":0},"i":{"x":1,"y":1},"s":[{"c":true,"i":[[0,0],[0,0],[0,0],[-5.72,0],[-4.06,4.04]],"o":[[0,0],[0,0],[4.06,4.04],[5.72,0],[0,0]],"v":[[279.47,29.67],[264.19,14.39],[248.93,29.67],[264.2,35.98],[279.47,29.67]]}],"t":108},{"s":[{"c":true,"i":[[0,0],[0,0],[0,0],[-5.72,0],[-4.06,4.04]],"o":[[0,0],[0,0],[4.06,4.04],[5.72,0],[0,0]],"v":[[279.47,29.67],[264.19,14.39],[248.93,29.67],[264.2,35.98],[279.47,29.67]]}],"t":132}]}},{"ty":"sh","bm":0,"hd":false,"nm":"","d":1,"ks":{"a":1,"k":[{"o":{"x":0,"y":0},"i":{"x":0.58,"y":1},"s":[{"c":true,"i":[[0,0],[-4.04,-4.06],[0,0],[0,0],[0,-5.73]],"o":[[0,5.72],[0,0],[0,0],[-4.04,4.06],[0,0]],"v":[[324.05,95.87],[330.35,111.14],[345.6,95.87],[330.35,80.59],[324.05,95.87]]}],"t":0},{"o":{"x":0,"y":0},"i":{"x":0.58,"y":1},"s":[{"c":true,"i":[[0,0],[-4.04,-4.06],[0,0],[0,0],[0,-5.73]],"o":[[0,5.72],[0,0],[0,0],[-4.04,4.06],[0,0]],"v":[[324.05,95.87],[330.35,111.14],[345.6,95.87],[330.35,80.59],[324.05,95.87]]}],"t":24},{"o":{"x":0,"y":0},"i":{"x":0.58,"y":1},"s":[{"c":true,"i":[[0,0],[-4.04,-4.06],[0,0],[0,0],[0,-5.73]],"o":[[0,5.72],[0,0],[0,0],[-4.04,4.06],[0,0]],"v":[[324.05,95.87],[330.35,111.14],[345.6,95.87],[330.35,80.59],[324.05,95.87]]}],"t":54},{"o":{"x":0,"y":0},"i":{"x":0.58,"y":1},"s":[{"c":true,"i":[[0,0],[-4.04,-4.06],[0,0],[0,0],[0,-5.73]],"o":[[0,5.72],[0,0],[0,0],[-4.04,4.06],[0,0]],"v":[[324.05,95.87],[330.35,111.14],[345.6,95.87],[330.35,80.59],[324.05,95.87]]}],"t":78},{"o":{"x":0,"y":0},"i":{"x":1,"y":1},"s":[{"c":true,"i":[[0,0],[-4.04,-4.06],[0,0],[0,0],[0,-5.73]],"o":[[0,5.72],[0,0],[0,0],[-4.04,4.06],[0,0]],"v":[[324.05,95.87],[330.35,111.14],[345.6,95.87],[330.35,80.59],[324.05,95.87]]}],"t":108},{"s":[{"c":true,"i":[[0,0],[-4.04,-4.06],[0,0],[0,0],[0,-5.73]],"o":[[0,5.72],[0,0],[0,0],[-4.04,4.06],[0,0]],"v":[[324.05,95.87],[330.35,111.14],[345.6,95.87],[330.35,80.59],[324.05,95.87]]}],"t":132}]}},{"ty":"sh","bm":0,"hd":false,"nm":"","d":1,"ks":{"a":1,"k":[{"o":{"x":0,"y":0},"i":{"x":0.58,"y":1},"s":[{"c":true,"i":[[0,0],[-3.03,-0.51],[-2.27,-2.07],[0,0],[-0.09,-3.32],[2.28,-2.42],[3.19,-0.02],[2.37,2.14],[4.63,4.11],[5.5,-0.18],[3.88,-3.9],[0,0],[4.99,4.03],[0,0],[-28.15,10.42]],"o":[[2.83,-1.21],[3.03,0.51],[0,0],[2.41,2.29],[0.09,3.32],[-2.34,2.17],[-3.19,0.02],[0,0],[-4.12,-3.64],[-5.5,0.18],[0,0],[-5.46,-3.36],[0,0],[29.94,-2.19],[0,0]],"v":[[187.82,44.52],[196.79,43.44],[204.91,47.4],[251.56,86.83],[255.46,95.59],[252.04,104.55],[243.46,107.95],[234.82,104.67],[206.64,80.24],[191.66,74.84],[177.05,81.18],[106.92,151.31],[91.23,140.21],[100.25,63.53],[187.82,44.52]]}],"t":0},{"o":{"x":0,"y":0},"i":{"x":0.58,"y":1},"s":[{"c":true,"i":[[0,0],[-3.03,-0.51],[-2.27,-2.07],[0,0],[-0.09,-3.32],[2.28,-2.42],[3.19,-0.02],[2.37,2.14],[4.63,4.11],[5.5,-0.18],[3.88,-3.9],[0,0],[4.99,4.03],[0,0],[-28.15,10.42]],"o":[[2.83,-1.21],[3.03,0.51],[0,0],[2.41,2.29],[0.09,3.32],[-2.34,2.17],[-3.19,0.02],[0,0],[-4.12,-3.64],[-5.5,0.18],[0,0],[-5.46,-3.36],[0,0],[29.94,-2.19],[0,0]],"v":[[187.82,44.52],[196.79,43.44],[204.91,47.4],[251.56,86.83],[255.46,95.59],[252.04,104.55],[243.46,107.95],[234.82,104.67],[206.64,80.24],[191.66,74.84],[177.05,81.18],[106.92,151.31],[91.23,140.21],[100.25,63.53],[187.82,44.52]]}],"t":24},{"o":{"x":0,"y":0},"i":{"x":0.58,"y":1},"s":[{"c":true,"i":[[0,0],[-3.03,-0.51],[-2.27,-2.07],[0,0],[-0.09,-3.32],[2.28,-2.42],[3.19,-0.02],[2.37,2.14],[4.63,4.11],[5.5,-0.18],[3.88,-3.9],[0,0],[4.99,4.03],[0,0],[-28.15,10.42]],"o":[[2.83,-1.21],[3.03,0.51],[0,0],[2.41,2.29],[0.09,3.32],[-2.34,2.17],[-3.19,0.02],[0,0],[-4.12,-3.64],[-5.5,0.18],[0,0],[-5.46,-3.36],[0,0],[29.94,-2.19],[0,0]],"v":[[187.82,44.52],[196.79,43.44],[204.91,47.4],[251.56,86.83],[255.46,95.59],[252.04,104.55],[243.46,107.95],[234.82,104.67],[206.64,80.24],[191.66,74.84],[177.05,81.18],[106.92,151.31],[91.23,140.21],[100.25,63.53],[187.82,44.52]]}],"t":54},{"o":{"x":0,"y":0},"i":{"x":0.58,"y":1},"s":[{"c":true,"i":[[0,0],[-3.03,-0.51],[-2.27,-2.07],[0,0],[-0.09,-3.32],[2.28,-2.42],[3.19,-0.02],[2.37,2.14],[4.63,4.11],[5.5,-0.18],[3.88,-3.9],[0,0],[4.99,4.03],[0,0],[-28.15,10.42]],"o":[[2.83,-1.21],[3.03,0.51],[0,0],[2.41,2.29],[0.09,3.32],[-2.34,2.17],[-3.19,0.02],[0,0],[-4.12,-3.64],[-5.5,0.18],[0,0],[-5.46,-3.36],[0,0],[29.94,-2.19],[0,0]],"v":[[187.82,44.52],[196.79,43.44],[204.91,47.4],[251.56,86.83],[255.46,95.59],[252.04,104.55],[243.46,107.95],[234.82,104.67],[206.64,80.24],[191.66,74.84],[177.05,81.18],[106.92,151.31],[91.23,140.21],[100.25,63.53],[187.82,44.52]]}],"t":78},{"o":{"x":0,"y":0},"i":{"x":1,"y":1},"s":[{"c":true,"i":[[0,0],[-3.03,-0.51],[-2.27,-2.07],[0,0],[-0.09,-3.32],[2.28,-2.42],[3.19,-0.02],[2.37,2.14],[4.63,4.11],[5.5,-0.18],[3.88,-3.9],[0,0],[4.99,4.03],[0,0],[-28.15,10.42]],"o":[[2.83,-1.21],[3.03,0.51],[0,0],[2.41,2.29],[0.09,3.32],[-2.34,2.17],[-3.19,0.02],[0,0],[-4.12,-3.64],[-5.5,0.18],[0,0],[-5.46,-3.36],[0,0],[29.94,-2.19],[0,0]],"v":[[187.82,44.52],[196.79,43.44],[204.91,47.4],[251.56,86.83],[255.46,95.59],[252.04,104.55],[243.46,107.95],[234.82,104.67],[206.64,80.24],[191.66,74.84],[177.05,81.18],[106.92,151.31],[91.23,140.21],[100.25,63.53],[187.82,44.52]]}],"t":108},{"s":[{"c":true,"i":[[0,0],[-3.03,-0.51],[-2.27,-2.07],[0,0],[-0.09,-3.32],[2.28,-2.42],[3.19,-0.02],[2.37,2.14],[4.63,4.11],[5.5,-0.18],[3.88,-3.9],[0,0],[4.99,4.03],[0,0],[-28.15,10.42]],"o":[[2.83,-1.21],[3.03,0.51],[0,0],[2.41,2.29],[0.09,3.32],[-2.34,2.17],[-3.19,0.02],[0,0],[-4.12,-3.64],[-5.5,0.18],[0,0],[-5.46,-3.36],[0,0],[29.94,-2.19],[0,0]],"v":[[187.82,44.52],[196.79,43.44],[204.91,47.4],[251.56,86.83],[255.46,95.59],[252.04,104.55],[243.46,107.95],[234.82,104.67],[206.64,80.24],[191.66,74.84],[177.05,81.18],[106.92,151.31],[91.23,140.21],[100.25,63.53],[187.82,44.52]]}],"t":132}]}},{"ty":"sh","bm":0,"hd":false,"nm":"","d":1,"ks":{"a":1,"k":[{"o":{"x":0,"y":0},"i":{"x":0.58,"y":1},"s":[{"c":true,"i":[[0,0],[-5.43,5.25],[-1.04,5.73],[2.39,5.31],[5.24,0.77],[3.93,3.55],[3.51,3.02],[1.94,-1.89],[-0.07,-7.55],[-5.34,-5.34],[-7.55,-0.06]],"o":[[7.55,0.06],[4.1,-4.14],[1.04,-5.73],[-4.78,2.28],[-5.24,-0.77],[-3.54,-2.98],[-2.4,1.24],[-5.25,5.43],[0.07,7.55],[5.34,5.34],[0,0]],"v":[[228.65,159.97],[248.91,151.89],[256.8,136.74],[254.72,119.78],[239.35,122.09],[225.29,115.46],[214.71,106.45],[208.18,111.17],[200.1,131.43],[208.53,151.54],[228.65,159.97]]}],"t":0},{"o":{"x":0,"y":0},"i":{"x":0.58,"y":1},"s":[{"c":true,"i":[[0,0],[-5.43,5.25],[-1.04,5.73],[2.39,5.31],[5.24,0.77],[3.93,3.55],[3.51,3.02],[1.94,-1.89],[-0.07,-7.55],[-5.34,-5.34],[-7.55,-0.06]],"o":[[7.55,0.06],[4.1,-4.14],[1.04,-5.73],[-4.78,2.28],[-5.24,-0.77],[-3.54,-2.98],[-2.4,1.24],[-5.25,5.43],[0.07,7.55],[5.34,5.34],[0,0]],"v":[[228.65,159.97],[248.91,151.89],[256.8,136.74],[254.72,119.78],[239.35,122.09],[225.29,115.46],[214.71,106.45],[208.18,111.17],[200.1,131.43],[208.53,151.54],[228.65,159.97]]}],"t":24},{"o":{"x":0,"y":0},"i":{"x":0.58,"y":1},"s":[{"c":true,"i":[[0,0],[-5.43,5.25],[-1.04,5.73],[2.39,5.31],[5.24,0.77],[3.93,3.55],[3.51,3.02],[1.94,-1.89],[-0.07,-7.55],[-5.34,-5.34],[-7.55,-0.06]],"o":[[7.55,0.06],[4.1,-4.14],[1.04,-5.73],[-4.78,2.28],[-5.24,-0.77],[-3.54,-2.98],[-2.4,1.24],[-5.25,5.43],[0.07,7.55],[5.34,5.34],[0,0]],"v":[[228.65,159.97],[248.91,151.89],[256.8,136.74],[254.72,119.78],[239.35,122.09],[225.29,115.46],[214.71,106.45],[208.18,111.17],[200.1,131.43],[208.53,151.54],[228.65,159.97]]}],"t":54},{"o":{"x":0,"y":0},"i":{"x":0.58,"y":1},"s":[{"c":true,"i":[[0,0],[-5.43,5.25],[-1.04,5.73],[2.39,5.31],[5.24,0.77],[3.93,3.55],[3.51,3.02],[1.94,-1.89],[-0.07,-7.55],[-5.34,-5.34],[-7.55,-0.06]],"o":[[7.55,0.06],[4.1,-4.14],[1.04,-5.73],[-4.78,2.28],[-5.24,-0.77],[-3.54,-2.98],[-2.4,1.24],[-5.25,5.43],[0.07,7.55],[5.34,5.34],[0,0]],"v":[[228.65,159.97],[248.91,151.89],[256.8,136.74],[254.72,119.78],[239.35,122.09],[225.29,115.46],[214.71,106.45],[208.18,111.17],[200.1,131.43],[208.53,151.54],[228.65,159.97]]}],"t":78},{"o":{"x":0,"y":0},"i":{"x":1,"y":1},"s":[{"c":true,"i":[[0,0],[-5.43,5.25],[-1.04,5.73],[2.39,5.31],[5.24,0.77],[3.93,3.55],[3.51,3.02],[1.94,-1.89],[-0.07,-7.55],[-5.34,-5.34],[-7.55,-0.06]],"o":[[7.55,0.06],[4.1,-4.14],[1.04,-5.73],[-4.78,2.28],[-5.24,-0.77],[-3.54,-2.98],[-2.4,1.24],[-5.25,5.43],[0.07,7.55],[5.34,5.34],[0,0]],"v":[[228.65,159.97],[248.91,151.89],[256.8,136.74],[254.72,119.78],[239.35,122.09],[225.29,115.46],[214.71,106.45],[208.18,111.17],[200.1,131.43],[208.53,151.54],[228.65,159.97]]}],"t":108},{"s":[{"c":true,"i":[[0,0],[-5.43,5.25],[-1.04,5.73],[2.39,5.31],[5.24,0.77],[3.93,3.55],[3.51,3.02],[1.94,-1.89],[-0.07,-7.55],[-5.34,-5.34],[-7.55,-0.06]],"o":[[7.55,0.06],[4.1,-4.14],[1.04,-5.73],[-4.78,2.28],[-5.24,-0.77],[-3.54,-2.98],[-2.4,1.24],[-5.25,5.43],[0.07,7.55],[5.34,5.34],[0,0]],"v":[[228.65,159.97],[248.91,151.89],[256.8,136.74],[254.72,119.78],[239.35,122.09],[225.29,115.46],[214.71,106.45],[208.18,111.17],[200.1,131.43],[208.53,151.54],[228.65,159.97]]}],"t":132}]}},{"ty":"sh","bm":0,"hd":false,"nm":"","d":1,"ks":{"a":1,"k":[{"o":{"x":0,"y":0},"i":{"x":0.58,"y":1},"s":[{"c":true,"i":[[0,0],[0,0],[0,0],[0,0],[-0.93,-0.41],[-0.67,-0.76],[-0.31,-0.97],[0.11,-1.01],[0,0],[1.32,-1.18],[1.77,0.01]],"o":[[0,0],[0,0],[0,0],[1.01,0],[0.93,0.41],[0.67,0.76],[0.31,0.97],[0,0],[-0.2,1.76],[-1.32,1.18],[0,0]],"v":[[68.16,158.42],[14.4,158.42],[14.4,50.42],[79.2,50.42],[82.14,51.05],[84.57,52.82],[86.06,55.44],[86.35,58.43],[75.33,152.03],[72.97,156.59],[68.16,158.42]]}],"t":0},{"o":{"x":0,"y":0},"i":{"x":0.58,"y":1},"s":[{"c":true,"i":[[0,0],[0,0],[0,0],[0,0],[-0.93,-0.41],[-0.67,-0.76],[-0.31,-0.97],[0.11,-1.01],[0,0],[1.32,-1.18],[1.77,0.01]],"o":[[0,0],[0,0],[0,0],[1.01,0],[0.93,0.41],[0.67,0.76],[0.31,0.97],[0,0],[-0.2,1.76],[-1.32,1.18],[0,0]],"v":[[68.16,158.42],[14.4,158.42],[14.4,50.42],[79.2,50.42],[82.14,51.05],[84.57,52.82],[86.06,55.44],[86.35,58.43],[75.33,152.03],[72.97,156.59],[68.16,158.42]]}],"t":24},{"o":{"x":0,"y":0},"i":{"x":0.58,"y":1},"s":[{"c":true,"i":[[0,0],[0,0],[0,0],[0,0],[-0.93,-0.41],[-0.67,-0.76],[-0.31,-0.97],[0.11,-1.01],[0,0],[1.32,-1.18],[1.77,0.01]],"o":[[0,0],[0,0],[0,0],[1.01,0],[0.93,0.41],[0.67,0.76],[0.31,0.97],[0,0],[-0.2,1.76],[-1.32,1.18],[0,0]],"v":[[68.16,158.42],[14.4,158.42],[14.4,50.42],[79.2,50.42],[82.14,51.05],[84.57,52.82],[86.06,55.44],[86.35,58.43],[75.33,152.03],[72.97,156.59],[68.16,158.42]]}],"t":54},{"o":{"x":0,"y":0},"i":{"x":0.58,"y":1},"s":[{"c":true,"i":[[0,0],[0,0],[0,0],[0,0],[-0.93,-0.41],[-0.67,-0.76],[-0.31,-0.97],[0.11,-1.01],[0,0],[1.32,-1.18],[1.77,0.01]],"o":[[0,0],[0,0],[0,0],[1.01,0],[0.93,0.41],[0.67,0.76],[0.31,0.97],[0,0],[-0.2,1.76],[-1.32,1.18],[0,0]],"v":[[68.16,158.42],[14.4,158.42],[14.4,50.42],[79.2,50.42],[82.14,51.05],[84.57,52.82],[86.06,55.44],[86.35,58.43],[75.33,152.03],[72.97,156.59],[68.16,158.42]]}],"t":78},{"o":{"x":0,"y":0},"i":{"x":1,"y":1},"s":[{"c":true,"i":[[0,0],[0,0],[0,0],[0,0],[-0.93,-0.41],[-0.67,-0.76],[-0.31,-0.97],[0.11,-1.01],[0,0],[1.32,-1.18],[1.77,0.01]],"o":[[0,0],[0,0],[0,0],[1.01,0],[0.93,0.41],[0.67,0.76],[0.31,0.97],[0,0],[-0.2,1.76],[-1.32,1.18],[0,0]],"v":[[68.16,158.42],[14.4,158.42],[14.4,50.42],[79.2,50.42],[82.14,51.05],[84.57,52.82],[86.06,55.44],[86.35,58.43],[75.33,152.03],[72.97,156.59],[68.16,158.42]]}],"t":108},{"s":[{"c":true,"i":[[0,0],[0,0],[0,0],[0,0],[-0.93,-0.41],[-0.67,-0.76],[-0.31,-0.97],[0.11,-1.01],[0,0],[1.32,-1.18],[1.77,0.01]],"o":[[0,0],[0,0],[0,0],[1.01,0],[0.93,0.41],[0.67,0.76],[0.31,0.97],[0,0],[-0.2,1.76],[-1.32,1.18],[0,0]],"v":[[68.16,158.42],[14.4,158.42],[14.4,50.42],[79.2,50.42],[82.14,51.05],[84.57,52.82],[86.06,55.44],[86.35,58.43],[75.33,152.03],[72.97,156.59],[68.16,158.42]]}],"t":132}]}},{"ty":"sh","bm":0,"hd":false,"nm":"","d":1,"ks":{"a":1,"k":[{"o":{"x":0,"y":0},"i":{"x":0.58,"y":1},"s":[{"c":true,"i":[[0,0],[4.05,4.05],[0,0],[0,0],[0,5.73]],"o":[[0,-5.73],[0,0],[0,0],[4.05,-4.05],[0,0]],"v":[[133.04,167.16],[126.72,151.89],[111.44,167.15],[126.72,182.43],[133.04,167.16]]}],"t":0},{"o":{"x":0,"y":0},"i":{"x":0.58,"y":1},"s":[{"c":true,"i":[[0,0],[4.05,4.05],[0,0],[0,0],[0,5.73]],"o":[[0,-5.73],[0,0],[0,0],[4.05,-4.05],[0,0]],"v":[[133.04,167.16],[126.72,151.89],[111.44,167.15],[126.72,182.43],[133.04,167.16]]}],"t":24},{"o":{"x":0,"y":0},"i":{"x":0.58,"y":1},"s":[{"c":true,"i":[[0,0],[4.05,4.05],[0,0],[0,0],[0,5.73]],"o":[[0,-5.73],[0,0],[0,0],[4.05,-4.05],[0,0]],"v":[[133.04,167.16],[126.72,151.89],[111.44,167.15],[126.72,182.43],[133.04,167.16]]}],"t":54},{"o":{"x":0,"y":0},"i":{"x":0.58,"y":1},"s":[{"c":true,"i":[[0,0],[4.05,4.05],[0,0],[0,0],[0,5.73]],"o":[[0,-5.73],[0,0],[0,0],[4.05,-4.05],[0,0]],"v":[[133.04,167.16],[126.72,151.89],[111.44,167.15],[126.72,182.43],[133.04,167.16]]}],"t":78},{"o":{"x":0,"y":0},"i":{"x":1,"y":1},"s":[{"c":true,"i":[[0,0],[4.05,4.05],[0,0],[0,0],[0,5.73]],"o":[[0,-5.73],[0,0],[0,0],[4.05,-4.05],[0,0]],"v":[[133.04,167.16],[126.72,151.89],[111.44,167.15],[126.72,182.43],[133.04,167.16]]}],"t":108},{"s":[{"c":true,"i":[[0,0],[4.05,4.05],[0,0],[0,0],[0,5.73]],"o":[[0,-5.73],[0,0],[0,0],[4.05,-4.05],[0,0]],"v":[[133.04,167.16],[126.72,151.89],[111.44,167.15],[126.72,182.43],[133.04,167.16]]}],"t":132}]}},{"ty":"sh","bm":0,"hd":false,"nm":"","d":1,"ks":{"a":1,"k":[{"o":{"x":0,"y":0},"i":{"x":0.58,"y":1},"s":[{"c":true,"i":[[0,0],[6.73,-6.76],[0,0],[-5.74,5.71],[0,0],[0,9.54],[-6.73,6.76],[0,0],[9.54,0],[6.76,6.74],[0,0],[0,0],[-1.53,-3.27],[-0.11,-3.61],[2.79,-4.54],[0.45,-8.35],[4.94,-6.75],[7.82,-2.97],[8.17,1.78],[5.88,5.95],[1.69,8.19],[-3.06,7.79],[-6.81,4.86],[2.04,1.82],[1.83,-0.07],[1.29,-1.3],[0,0],[0,-9.54]],"o":[[0,9.54],[0,0],[5.75,5.71],[0,0],[-6.73,-6.76],[0,-9.54],[0,0],[-6.76,6.74],[-9.54,0],[0,0],[0,0],[2.69,2.4],[1.53,3.27],[0.19,5.32],[4.17,7.25],[-0.45,8.35],[-4.94,6.75],[-7.82,2.97],[-8.17,-1.78],[-5.88,-5.95],[-1.69,-8.19],[3.06,-7.79],[-2.09,-1.85],[-1.38,-1.2],[-1.83,0.07],[0,0],[6.73,6.76],[0,0]],"v":[[147.41,167.15],[136.9,192.6],[182.39,237.81],[203.16,237.8],[320.15,121.38],[309.63,95.92],[320.15,70.47],[289.62,39.92],[264.17,50.44],[238.71,39.92],[229.35,49.28],[260.96,75.98],[267.36,84.58],[269.84,95],[265.86,110.13],[271.56,134.03],[263.3,157.18],[243.75,172.08],[219.24,173.9],[197.7,162.06],[186.11,140.39],[188.21,115.9],[203.32,96.52],[197.1,90.99],[192.1,89.23],[187.25,91.36],[136.9,141.7],[147.41,167.15]]}],"t":0},{"o":{"x":0,"y":0},"i":{"x":0.58,"y":1},"s":[{"c":true,"i":[[0,0],[6.73,-6.76],[0,0],[-5.74,5.71],[0,0],[0,9.54],[-6.73,6.76],[0,0],[9.54,0],[6.76,6.74],[0,0],[0,0],[-1.53,-3.27],[-0.11,-3.61],[2.79,-4.54],[0.45,-8.35],[4.94,-6.75],[7.82,-2.97],[8.17,1.78],[5.88,5.95],[1.69,8.19],[-3.06,7.79],[-6.81,4.86],[2.04,1.82],[1.83,-0.07],[1.29,-1.3],[0,0],[0,-9.54]],"o":[[0,9.54],[0,0],[5.75,5.71],[0,0],[-6.73,-6.76],[0,-9.54],[0,0],[-6.76,6.74],[-9.54,0],[0,0],[0,0],[2.69,2.4],[1.53,3.27],[0.19,5.32],[4.17,7.25],[-0.45,8.35],[-4.94,6.75],[-7.82,2.97],[-8.17,-1.78],[-5.88,-5.95],[-1.69,-8.19],[3.06,-7.79],[-2.09,-1.85],[-1.38,-1.2],[-1.83,0.07],[0,0],[6.73,6.76],[0,0]],"v":[[147.41,167.15],[136.9,192.6],[182.39,237.81],[203.16,237.8],[320.15,121.38],[309.63,95.92],[320.15,70.47],[289.62,39.92],[264.17,50.44],[238.71,39.92],[229.35,49.28],[260.96,75.98],[267.36,84.58],[269.84,95],[265.86,110.13],[271.56,134.03],[263.3,157.18],[243.75,172.08],[219.24,173.9],[197.7,162.06],[186.11,140.39],[188.21,115.9],[203.32,96.52],[197.1,90.99],[192.1,89.23],[187.25,91.36],[136.9,141.7],[147.41,167.15]]}],"t":24},{"o":{"x":0,"y":0},"i":{"x":0.58,"y":1},"s":[{"c":true,"i":[[0,0],[6.73,-6.76],[0,0],[-5.74,5.71],[0,0],[0,9.54],[-6.73,6.76],[0,0],[9.54,0],[6.76,6.74],[0,0],[0,0],[-1.53,-3.27],[-0.11,-3.61],[2.79,-4.54],[0.45,-8.35],[4.94,-6.75],[7.82,-2.97],[8.17,1.78],[5.88,5.95],[1.69,8.19],[-3.06,7.79],[-6.81,4.86],[2.04,1.82],[1.83,-0.07],[1.29,-1.3],[0,0],[0,-9.54]],"o":[[0,9.54],[0,0],[5.75,5.71],[0,0],[-6.73,-6.76],[0,-9.54],[0,0],[-6.76,6.74],[-9.54,0],[0,0],[0,0],[2.69,2.4],[1.53,3.27],[0.19,5.32],[4.17,7.25],[-0.45,8.35],[-4.94,6.75],[-7.82,2.97],[-8.17,-1.78],[-5.88,-5.95],[-1.69,-8.19],[3.06,-7.79],[-2.09,-1.85],[-1.38,-1.2],[-1.83,0.07],[0,0],[6.73,6.76],[0,0]],"v":[[147.41,167.15],[136.9,192.6],[182.39,237.81],[203.16,237.8],[320.15,121.38],[309.63,95.92],[320.15,70.47],[289.62,39.92],[264.17,50.44],[238.71,39.92],[229.35,49.28],[260.96,75.98],[267.36,84.58],[269.84,95],[265.86,110.13],[271.56,134.03],[263.3,157.18],[243.75,172.08],[219.24,173.9],[197.7,162.06],[186.11,140.39],[188.21,115.9],[203.32,96.52],[197.1,90.99],[192.1,89.23],[187.25,91.36],[136.9,141.7],[147.41,167.15]]}],"t":54},{"o":{"x":0,"y":0},"i":{"x":0.58,"y":1},"s":[{"c":true,"i":[[0,0],[6.73,-6.76],[0,0],[-5.74,5.71],[0,0],[0,9.54],[-6.73,6.76],[0,0],[9.54,0],[6.76,6.74],[0,0],[0,0],[-1.53,-3.27],[-0.11,-3.61],[2.79,-4.54],[0.45,-8.35],[4.94,-6.75],[7.82,-2.97],[8.17,1.78],[5.88,5.95],[1.69,8.19],[-3.06,7.79],[-6.81,4.86],[2.04,1.82],[1.83,-0.07],[1.29,-1.3],[0,0],[0,-9.54]],"o":[[0,9.54],[0,0],[5.75,5.71],[0,0],[-6.73,-6.76],[0,-9.54],[0,0],[-6.76,6.74],[-9.54,0],[0,0],[0,0],[2.69,2.4],[1.53,3.27],[0.19,5.32],[4.17,7.25],[-0.45,8.35],[-4.94,6.75],[-7.82,2.97],[-8.17,-1.78],[-5.88,-5.95],[-1.69,-8.19],[3.06,-7.79],[-2.09,-1.85],[-1.38,-1.2],[-1.83,0.07],[0,0],[6.73,6.76],[0,0]],"v":[[147.41,167.15],[136.9,192.6],[182.39,237.81],[203.16,237.8],[320.15,121.38],[309.63,95.92],[320.15,70.47],[289.62,39.92],[264.17,50.44],[238.71,39.92],[229.35,49.28],[260.96,75.98],[267.36,84.58],[269.84,95],[265.86,110.13],[271.56,134.03],[263.3,157.18],[243.75,172.08],[219.24,173.9],[197.7,162.06],[186.11,140.39],[188.21,115.9],[203.32,96.52],[197.1,90.99],[192.1,89.23],[187.25,91.36],[136.9,141.7],[147.41,167.15]]}],"t":78},{"o":{"x":0,"y":0},"i":{"x":1,"y":1},"s":[{"c":true,"i":[[0,0],[6.73,-6.76],[0,0],[-5.74,5.71],[0,0],[0,9.54],[-6.73,6.76],[0,0],[9.54,0],[6.76,6.74],[0,0],[0,0],[-1.53,-3.27],[-0.11,-3.61],[2.79,-4.54],[0.45,-8.35],[4.94,-6.75],[7.82,-2.97],[8.17,1.78],[5.88,5.95],[1.69,8.19],[-3.06,7.79],[-6.81,4.86],[2.04,1.82],[1.83,-0.07],[1.29,-1.3],[0,0],[0,-9.54]],"o":[[0,9.54],[0,0],[5.75,5.71],[0,0],[-6.73,-6.76],[0,-9.54],[0,0],[-6.76,6.74],[-9.54,0],[0,0],[0,0],[2.69,2.4],[1.53,3.27],[0.19,5.32],[4.17,7.25],[-0.45,8.35],[-4.94,6.75],[-7.82,2.97],[-8.17,-1.78],[-5.88,-5.95],[-1.69,-8.19],[3.06,-7.79],[-2.09,-1.85],[-1.38,-1.2],[-1.83,0.07],[0,0],[6.73,6.76],[0,0]],"v":[[147.41,167.15],[136.9,192.6],[182.39,237.81],[203.16,237.8],[320.15,121.38],[309.63,95.92],[320.15,70.47],[289.62,39.92],[264.17,50.44],[238.71,39.92],[229.35,49.28],[260.96,75.98],[267.36,84.58],[269.84,95],[265.86,110.13],[271.56,134.03],[263.3,157.18],[243.75,172.08],[219.24,173.9],[197.7,162.06],[186.11,140.39],[188.21,115.9],[203.32,96.52],[197.1,90.99],[192.1,89.23],[187.25,91.36],[136.9,141.7],[147.41,167.15]]}],"t":108},{"s":[{"c":true,"i":[[0,0],[6.73,-6.76],[0,0],[-5.74,5.71],[0,0],[0,9.54],[-6.73,6.76],[0,0],[9.54,0],[6.76,6.74],[0,0],[0,0],[-1.53,-3.27],[-0.11,-3.61],[2.79,-4.54],[0.45,-8.35],[4.94,-6.75],[7.82,-2.97],[8.17,1.78],[5.88,5.95],[1.69,8.19],[-3.06,7.79],[-6.81,4.86],[2.04,1.82],[1.83,-0.07],[1.29,-1.3],[0,0],[0,-9.54]],"o":[[0,9.54],[0,0],[5.75,5.71],[0,0],[-6.73,-6.76],[0,-9.54],[0,0],[-6.76,6.74],[-9.54,0],[0,0],[0,0],[2.69,2.4],[1.53,3.27],[0.19,5.32],[4.17,7.25],[-0.45,8.35],[-4.94,6.75],[-7.82,2.97],[-8.17,-1.78],[-5.88,-5.95],[-1.69,-8.19],[3.06,-7.79],[-2.09,-1.85],[-1.38,-1.2],[-1.83,0.07],[0,0],[6.73,6.76],[0,0]],"v":[[147.41,167.15],[136.9,192.6],[182.39,237.81],[203.16,237.8],[320.15,121.38],[309.63,95.92],[320.15,70.47],[289.62,39.92],[264.17,50.44],[238.71,39.92],[229.35,49.28],[260.96,75.98],[267.36,84.58],[269.84,95],[265.86,110.13],[271.56,134.03],[263.3,157.18],[243.75,172.08],[219.24,173.9],[197.7,162.06],[186.11,140.39],[188.21,115.9],[203.32,96.52],[197.1,90.99],[192.1,89.23],[187.25,91.36],[136.9,141.7],[147.41,167.15]]}],"t":132}]}},{"ty":"fl","bm":0,"hd":false,"nm":"","c":{"a":1,"k":[{"o":{"x":0,"y":0},"i":{"x":0.58,"y":1},"s":[0.3137,0.7569,0.3294,1],"t":0},{"o":{"x":0,"y":0},"i":{"x":0.58,"y":1},"s":[0.3137,0.7569,0.3294,1],"t":24},{"o":{"x":0,"y":0},"i":{"x":0.58,"y":1},"s":[0.3137,0.7569,0.3294,1],"t":54},{"o":{"x":0,"y":0},"i":{"x":0.58,"y":1},"s":[0.3137,0.7569,0.3294,1],"t":78},{"o":{"x":0,"y":0},"i":{"x":1,"y":1},"s":[0.3137,0.7569,0.3294,1],"t":108},{"s":[0.3137,0.7569,0.3294,1],"t":132}]},"r":2,"o":{"a":1,"k":[{"o":{"x":0,"y":0},"i":{"x":0.58,"y":1},"s":[100],"t":0},{"o":{"x":0,"y":0},"i":{"x":0.58,"y":1},"s":[100],"t":24},{"o":{"x":0,"y":0},"i":{"x":0.58,"y":1},"s":[100],"t":54},{"o":{"x":0,"y":0},"i":{"x":0.58,"y":1},"s":[100],"t":78},{"o":{"x":0,"y":0},"i":{"x":1,"y":1},"s":[100],"t":108},{"s":[100],"t":132}]}}],"ind":4}],"v":"5.7.0","fr":60,"op":108,"ip":0,"assets":[]}